SALE TYPE,SOLD DATE,PROPERTY TYPE,ADDRESS,CITY,STATE OR PROVINCE,ZIP OR POSTAL CODE,PRICE,BEDS,BATHS,LOCATION,SQUARE FEET,LOT SIZE,YEAR BUILT,DAYS ON MARKET,$/SQUARE FEET,HOA/MONTH,STATUS,NEXT OPEN HOUSE START TIME,NEXT OPEN HOUSE END TIME,URL (SEE http://www.redfin.com/buy-a-home/comparative-market-analysis FOR INFO ON PRICING),SOURCE,MLS#,FAVORITE,INTERESTED,LATITUDE,LONGITUDE
MLS Listing,,Single Family Residential,108 Marietta Dr,SAN FRANCISCO,CA,94127,1095000,3,2.0,SAN FRANCISCO,1106,2509,1943,5,990,,Active,October-2-2021 02:00 PM,October-2-2021 04:00 PM,http://www.redfin.com/CA/San-Francisco/108-Marietta-Dr-94127/home/1412362,MLSListings,ML81864123,N,Y,37.7409698,-122.4484268
MLS Listing,,Single Family Residential,111 States St,SAN FRANCISCO,CA,94114,1995000,3,2.5,SAN FRANCISCO,1794,1437,1931,14,1112,,Active,,,http://www.redfin.com/CA/San-Francisco/111-States-St-94114/home/1557402,MLSListings,ML81862760,N,Y,37.7631832,-122.4376521
MLS Listing,,Condo/Co-op,249 Shipley St #2,San Francisco,CA,94107,768000,1,1.5,San Francisco,892,5591,1999,19,861,754,Active,,,http://www.redfin.com/CA/San-Francisco/249-Shipley-94107/unit-2/home/12396891,San Francisco MLS,421593818,N,Y,37.7788907,-122.40378
MLS Listing,,Single Family Residential,669 Marina Blvd,San Francisco,CA,94123,8998000,5,5.0,San Francisco,4752,4944,1931,19,1894,,Active,,,http://www.redfin.com/CA/San-Francisco/669-Marina-Blvd-94123/home/582205,San Francisco MLS,421593475,N,Y,37.8052133,-122.4449164
MLS Listing,,Condo/Co-op,1816 23rd St,San Francisco,CA,94107,899000,2,1.0,San Francisco,1134,6825,1988,20,793,600,Active,,,http://www.redfin.com/CA/San-Francisco/1816-23rd-St-94107/home/1874262,San Francisco MLS,421591828,N,Y,37.7549818,-122.3980981
MLS Listing,,Condo/Co-op,2831 Polk St #1,San Francisco,CA,94109,2250000,2,2.5,San Francisco,1461,,1924,20,1540,538,Active,,,http://www.redfin.com/CA/San-Francisco/2831-Polk-St-94109/unit-1/home/39591886,San Francisco MLS,421592728,N,Y,37.8028958,-122.4234306
MLS Listing,,Single Family Residential,542 27th Ave,SAN FRANCISCO,CA,94121,2995000,3,4.0,SAN FRANCISCO,3810,2400,1999,22,786,,Active,,,http://www.redfin.com/CA/San-Francisco/542-27th-Ave-94121/home/2007755,MLSListings,ML81861532,N,Y,37.7791442,-122.4865593
MLS Listing,,Condo/Co-op,461 2nd St Unit C118,San Francisco,CA,94107,750000,1,1.0,San Francisco,672,56167,1907,22,1116,651,Active,,,http://www.redfin.com/CA/San-Francisco/461-2nd-St-94107/unit-C118/home/1203053,San Francisco MLS,421589274,N,Y,37.783797,-122.3937191
MLS Listing,,Condo/Co-op,253 Oak St,San Francisco,CA,94102,999000,2,1.0,San Francisco,1000,,1912,23,999,315,Active,,,http://www.redfin.com/CA/San-Francisco/253-Oak-St-94102/home/40615584,San Francisco MLS,421591920,N,Y,37.7747818,-122.4234512
MLS Listing,,Condo/Co-op,2000 Ellis St #205,San Francisco,CA,94115,749000,1,1.0,San Francisco,595,8090,2013,37,1259,466,Active,,,http://www.redfin.com/CA/San-Francisco/2000-Ellis-St-94115/unit-205/home/55244549,San Francisco MLS,421587794,N,Y,37.7816364,-122.439602
MLS Listing,,Condo/Co-op,1998 Broadway #807,San Francisco,CA,94109,1350000,2,2.0,San Francisco,1030,15195,1964,49,1311,1288,Active,,,http://www.redfin.com/CA/San-Francisco/1998-Broadway-94109/unit-807/home/1865773,San Francisco MLS,421583886,N,Y,37.7953251,-122.4298254
MLS Listing,,Single Family Residential,618 Mangels Ave,San Francisco,CA,94127,1940000,3,3.0,San Francisco,1920,3746,1912,55,1010,,Active,,,http://www.redfin.com/CA/San-Francisco/618-Mangels-Ave-94127/home/1719034,San Francisco MLS,421582030,N,Y,37.7332736,-122.4516557
MLS Listing,,Condo/Co-op,163 Shipley St,San Francisco,CA,94107,875000,2,1.0,San Francisco,801,10427,1992,63,1092,599,Active,,,http://www.redfin.com/CA/San-Francisco/163-Shipley-94107/home/1950146,San Francisco MLS,421576170,N,Y,37.7805383,-122.4018925
MLS Listing,,Condo/Co-op,248 Myrtle St,San Francisco,CA,94109,775000,2,1.0,San Francisco,975,3828,1900,149,795,461,Active,,,http://www.redfin.com/CA/San-Francisco/248-Myrtle-St-94109/home/1491675,San Francisco MLS,421544867,N,Y,37.7851652,-122.4222724
MLS Listing,,Condo/Co-op,2200 Sacramento St #905,SAN FRANCISCO,CA,94115,1298000,1,2.0,SAN FRANCISCO,828,,1964,1,1568,723,Active,,,http://www.redfin.com/CA/San-Francisco/2200-Sacramento-St-94115/unit-905/home/1523032,MLSListings,ML81864684,N,Y,37.7906708,-122.4294715
MLS Listing,,Condo/Co-op,3312 Scott St,San Francisco,CA,94123,1995000,3,2.0,San Francisco,1887,2525,1925,1,1057,300,Active,September-30-2021 05:00 PM,September-30-2021 06:30 PM,http://www.redfin.com/CA/San-Francisco/3312-Scott-St-94123/home/1957688,San Francisco MLS,421599316,N,Y,37.80049,-122.440942
MLS Listing,,Condo/Co-op,1300 22nd St #208,San Francisco,CA,94107,1495000,2,2.0,San Francisco,1237,32000,2016,1,1209,875,Active,,,http://www.redfin.com/CA/San-Francisco/1300-22nd-St-94107/unit-208/home/167315222,San Francisco MLS,421596905,N,Y,37.7578379,-122.3944714
MLS Listing,,Multi-Family (2-4 Unit),1409 - 1411 34th Ave,San Francisco,CA,94122,1095000,4,2.0,San Francisco,2250,1438,1945,1,487,,Active,October-1-2021 02:00 PM,October-1-2021 03:30 PM,http://www.redfin.com/CA/San-Francisco/1409-34th-Ave-94122/home/629362,San Francisco MLS,421599300,N,Y,37.7607015,-122.493269
MLS Listing,,Condo/Co-op,1345 16th Ave #4,San Francisco,CA,94122,649000,1,1.0,San Francisco,,6000,1924,1,,300,Active,,,http://www.redfin.com/CA/San-Francisco/1345-16th-Ave-94122/unit-4/home/171998718,San Francisco MLS,421597494,N,Y,37.7628409,-122.4741597
MLS Listing,,Condo/Co-op,560 Wisconsin St,San Francisco,CA,94107,1089000,2,2.0,San Francisco,1150,79531,1978,1,947,936,Active,October-2-2021 11:00 AM,October-2-2021 01:00 PM,http://www.redfin.com/CA/San-Francisco/560-Wisconsin-St-94107/home/1335661,San Francisco MLS,421593079,N,Y,37.7603947,-122.399545
MLS Listing,,Condo/Co-op,2131 Vallejo St #3,San Francisco,CA,94123,1295000,2,1.0,San Francisco,1100,2619,1900,1,1177,246,Active,October-3-2021 02:00 PM,October-3-2021 04:00 PM,http://www.redfin.com/CA/San-Francisco/2131-Vallejo-St-94123/unit-3/home/1522821,San Francisco MLS,421591986,N,Y,37.7952976,-122.4329022
MLS Listing,,Condo/Co-op,201 Harrison St #1026,San Francisco,CA,94105,798000,1,1.0,San Francisco,742,38449,1991,1,1075,659,Active,,,http://www.redfin.com/CA/San-Francisco/201-Harrison-St-94105/unit-1026/home/1922378,San Francisco MLS,421597017,N,Y,37.7874798,-122.3905769
MLS Listing,,Condo/Co-op,219 Brannan St Unit 4G,San Francisco,CA,94105,2495000,3,3.0,San Francisco,1685,82966,2000,1,1481,1378,Active,,,http://www.redfin.com/CA/San-Francisco/219-Brannan-St-94107/unit-4G/home/1473379,San Francisco MLS,421599283,N,Y,37.7830623,-122.3901122
MLS Listing,,Single Family Residential,167 Maddux Ave,San Francisco,CA,94124,968000,4,2.5,San Francisco,,2495,1941,1,,,Active,October-2-2021 02:00 PM,October-2-2021 04:00 PM,http://www.redfin.com/CA/San-Francisco/167-Maddux-Ave-94124/home/1558675,San Francisco MLS,421599270,N,Y,37.7326469,-122.3993947
MLS Listing,,Condo/Co-op,451 Kansas St #478,San Francisco,CA,94107,799000,1,1.0,San Francisco,667,80311,2007,1,1198,556,Active,September-30-2021 04:30 PM,September-30-2021 05:30 PM,http://www.redfin.com/CA/San-Francisco/451-Kansas-St-94107/unit-478/home/23424611,San Francisco MLS,421599244,N,Y,37.7637484,-122.4027468
MLS Listing,,Single Family Residential,882 Carolina St,San Francisco,CA,94107,3998000,4,5.0,San Francisco,3327,2365,1900,1,1202,,Active,,,http://www.redfin.com/CA/San-Francisco/882-Carolina-St-94107/home/1654148,"bridgeMLS, Bay East AOR, or Contra Costa AOR",40968912,N,Y,37.757485,-122.400248
MLS Listing,,Single Family Residential,3030 Castro St,San Francisco,CA,94131,1450000,3,1.0,San Francisco,1000,2299,1900,1,1450,,Active,,,http://www.redfin.com/CA/San-Francisco/3030-Castro-St-94131/home/1177555,BAREIS,421598300,N,Y,37.7354017,-122.4326346
MLS Listing,,Single Family Residential,15 Belle Ave,San Francisco,CA,94132,998000,3,2.0,San Francisco,1219,2495,1961,1,819,,Active,October-1-2021 06:00 PM,October-1-2021 07:00 PM,http://www.redfin.com/CA/San-Francisco/15-Belle-Ave-94132/home/1195779,San Francisco MLS,421598713,N,Y,37.7085667,-122.469612
MLS Listing,,Condo/Co-op,742 Haight St,San Francisco,CA,94117,1649000,3,1.5,San Francisco,2106,2750,1900,1,783,506,Active,October-2-2021 11:00 AM,October-2-2021 01:00 PM,http://www.redfin.com/CA/San-Francisco/742-Haight-St-94117/home/11743249,San Francisco MLS,421599147,N,Y,37.771841,-122.43449
MLS Listing,,Condo/Co-op,260 King St #729,San Francisco,CA,94107,599990,0,1.0,Mission,600,,2004,1,1000,799,Active,,,http://www.redfin.com/CA/San-Francisco/260-King-St-94107/unit-729/home/8191031,"bridgeMLS, Bay East AOR, or Contra Costa AOR",40968878,N,Y,37.7776624,-122.3938672
MLS Listing,,Single Family Residential,159 Orsi Cir,San Francisco,CA,94124,1198000,4,3.0,San Francisco,1626,1500,1998,1,737,21,Active,October-2-2021 02:00 PM,October-2-2021 04:00 PM,http://www.redfin.com/CA/San-Francisco/159-Orsi-Cir-94124/home/752228,San Francisco MLS,421598999,N,Y,37.7277673,-122.3972706
MLS Listing,,Condo/Co-op,891 Carolina St,San Francisco,CA,94107,2200000,3,2.5,San Francisco,,2495,,1,,,Active,October-2-2021 12:00 PM,October-2-2021 02:00 PM,http://www.redfin.com/CA/San-Francisco/891-Carolina-St-94107/home/732200,San Francisco MLS,421598805,N,Y,37.7574618,-122.3997266
MLS Listing,,Condo/Co-op,1200 California St Unit 19B,San Francisco,CA,94109,2850000,2,2.0,San Francisco,1800,,,1,1583,2600,Active,,,http://www.redfin.com/CA/San-Francisco/1200-California-St-94109/unit-19B/home/12400732,San Francisco MLS,421598524,N,Y,37.7917486,-122.4144729
MLS Listing,,Condo/Co-op,1650 Jackson St #704,San Francisco,CA,94109,998000,1,1.0,San Francisco,875,14631,1991,1,1141,,Active,,,http://www.redfin.com/CA/San-Francisco/1650-Jackson-St-94109/unit-704/home/1731259,San Francisco MLS,421590826,N,Y,37.7942661,-122.42226
MLS Listing,,Condo/Co-op,2225 23rd St #402,San Francisco,CA,94107,648000,1,1.0,San Francisco,602,80224,1989,1,1076,583,Active,,,http://www.redfin.com/CA/San-Francisco/2225-23rd-St-94107/unit-402/home/1841773,"bridgeMLS, Bay East AOR, or Contra Costa AOR",40968829,N,Y,37.7543499,-122.4022071
MLS Listing,,Multi-Family (2-4 Unit),474 Frederick St,San Francisco,CA,94117,2495000,5,3.0,San Francisco,2615,3436,1900,2,954,,Active,October-3-2021 11:00 AM,October-3-2021 01:00 PM,http://www.redfin.com/CA/San-Francisco/474-Frederick-St-94117/home/1953814,San Francisco MLS,421598975,N,Y,37.7666148,-122.4522268
MLS Listing,,Vacant Land,337 Mullen Ave,San Francisco,CA,94110,400000,0,,San Francisco,,2099,,2,,,Active,,,http://www.redfin.com/CA/San-Francisco/337-Mullen-Ave-94110/unit-V/home/110063664,San Francisco MLS,421598963,N,Y,37.746355,-122.405753
MLS Listing,,Condo/Co-op,1 Hawthorne St Unit 14A,San Francisco,CA,94105,975000,1,1.0,San Francisco,909,12409,2010,2,1073,1260,Active,,,http://www.redfin.com/CA/San-Francisco/1-Hawthorne-St-94105/unit-14A/home/69371162,San Francisco MLS,421598926,N,Y,37.7857425,-122.3988969
MLS Listing,,Multi-Family (2-4 Unit),638 Rhode Island St,SAN FRANCISCO,CA,94107,1980000,5,4.0,SAN FRANCISCO,2663,2495,1911,2,744,,Active,,,http://www.redfin.com/CA/San-Francisco/638-Rhode-Island-St-94107/home/731039,MLSListings,ML81864463,N,Y,37.7616915,-122.4025633
MLS Listing,,Condo/Co-op,1515 15th St #503,SAN FRANCISCO,CA,94103,775000,1,1.0,SAN FRANCISCO,650,14125,2014,2,1192,558,Active,,,http://www.redfin.com/CA/San-Francisco/1515-15th-St-94103/unit-503/home/108273181,MLSListings,ML81864456,N,Y,37.7665977,-122.4181501
MLS Listing,,Single Family Residential,223 Princeton St,San Francisco,CA,94134,1100000,3,2.5,San Francisco,2057,2060,1958,2,535,,Active,,,http://www.redfin.com/CA/San-Francisco/223-Princeton-St-94134/home/1534617,San Francisco MLS,421598651,N,Y,37.7269571,-122.4151255
MLS Listing,,Multi-Family (2-4 Unit),383 - 385 S Van Ness Ave,San Francisco,CA,94103,2490000,5,2.0,San Francisco,2200,3746,,2,,,Active,October-2-2021 12:00 PM,October-2-2021 02:00 PM,http://www.redfin.com/CA/San-Francisco/383-S-Van-Ness-Ave-94103/home/110058599,MetroList,421598857,N,Y,37.7671747,-122.4173188
MLS Listing,,Multi-Family (2-4 Unit),164 - 168 28th St,San Francisco,CA,94131,2000000,7,2.0,San Francisco,2709,2850,1905,2,,,Active,,,http://www.redfin.com/CA/San-Francisco/164-28th-St-94131/unit-168/home/2034900,MetroList,421597432,N,Y,37.7454879,-122.4261455
MLS Listing,,Multi-Family (2-4 Unit),810 - 812 Taraval St,San Francisco,CA,94116,1975000,10,8.0,San Francisco,5800,2500,,2,341,,Active,,,http://www.redfin.com/CA/San-Francisco/810-Taraval-St-94116/home/656030,San Francisco MLS,421598826,N,Y,37.7433331,-122.4749298
MLS Listing,,Multi-Family (5+ Unit),3181 - 3185 San Jose Ave,San Francisco,CA,94112,1699000,0,,San Francisco,3710,3741,1929,2,458,,Active,,,http://www.redfin.com/CA/San-Francisco/3181-San-Jose-Ave-94112/home/1940718,San Francisco MLS,421598792,N,Y,37.7084773,-122.4583947
MLS Listing,,Condo/Co-op,651 14th Ave,San Francisco,CA,94118,1595000,3,2.0,San Francisco,1860,3188,1921,2,858,150,Active,September-29-2021 12:00 PM,September-29-2021 01:00 PM,http://www.redfin.com/CA/San-Francisco/651-14th-Ave-94118/home/1643916,San Francisco MLS,421597849,N,Y,37.775858,-122.47285
MLS Listing,,Single Family Residential,225 Cresta Vista Dr,San Francisco,CA,94127,1495000,2,1.5,San Francisco,1305,2696,1967,2,1146,2,Active,,,http://www.redfin.com/CA/San-Francisco/225-Cresta-Vista-Dr-94127/home/685974,San Francisco MLS,421598744,N,Y,37.7358108,-122.4546634
MLS Listing,,Condo/Co-op,537 Natoma St #202,SAN FRANCISCO,CA,94103,685000,1,1.0,SAN FRANCISCO,518,,2013,2,1322,360,Active,,,http://www.redfin.com/CA/San-Francisco/537-Natoma-St-94103/unit-202/home/45393104,MLSListings,ML81859572,N,Y,37.779383,-122.408459
MLS Listing,,Condo/Co-op,900 Bush St #517,San Francisco,CA,94109,725000,1,2.0,San Francisco,831,,1982,2,872,1144,Active,,,http://www.redfin.com/CA/San-Francisco/900-Bush-St-94109/unit-517/home/978991,San Francisco MLS,421598743,N,Y,37.7898591,-122.4125833
MLS Listing,,Multi-Family (2-4 Unit),919 Vallejo St,San Francisco,CA,94133,2700000,11,2.0,San Francisco,6275,2148,1911,2,430,,Active,,,http://www.redfin.com/CA/San-Francisco/919-Vallejo-St-94133/home/1707163,San Francisco MLS,421598782,N,Y,37.7979281,-122.4124691
MLS Listing,,Single Family Residential,634 3rd Ave,San Francisco,CA,94118,2995000,5,2.5,San Francisco,,2996,1905,2,,,Active,September-29-2021 05:00 PM,September-29-2021 06:00 PM,http://www.redfin.com/CA/San-Francisco/634-3rd-Ave-94118/home/1461230,San Francisco MLS,421597846,N,Y,37.7766954,-122.4605458
MLS Listing,,Condo/Co-op,701 Minnesota St #115,San Francisco,CA,94107,949900,1,1.0,San Francisco,979,979,1900,2,970,508,Active,October-2-2021 12:00 PM,October-2-2021 03:00 PM,http://www.redfin.com/CA/San-Francisco/701-Minnesota-St-94107/unit-115/home/12396429,"bridgeMLS, Bay East AOR, or Contra Costa AOR",40968746,N,Y,37.7615332,-122.3899573
MLS Listing,,Condo/Co-op,1001 17th St #307,San Francisco,CA,94107,1165000,2,2.0,San Francisco,1059,9426,2016,2,1100,591,Active,October-2-2021 12:00 PM,October-2-2021 02:00 PM,http://www.redfin.com/CA/San-Francisco/1001-17th-St-94107/unit-307/home/109684860,San Francisco MLS,421598769,N,Y,37.7650727,-122.3940731
MLS Listing,,Multi-Family (2-4 Unit),1284 Dolores St,San Francisco,CA,94110,2199000,6,4.0,San Francisco,2880,2600,1890,2,764,,Active,,,http://www.redfin.com/CA/San-Francisco/1284-Dolores-St-94131/home/1006960,San Francisco MLS,421598766,N,Y,37.7488993,-122.425206
MLS Listing,,Single Family Residential,1014 Shotwell St,San Francisco,CA,94110,3495000,7,5.0,San Francisco,3830,3672,1899,2,913,,Active,September-29-2021 04:30 PM,September-29-2021 05:30 PM,http://www.redfin.com/CA/San-Francisco/1014-Shotwell-St-94110/home/2025218,San Francisco MLS,421598751,N,Y,37.7519024,-122.4154242
MLS Listing,,Multi-Family (2-4 Unit),116 - 118 Park St,San Francisco,CA,94110,1820000,4,2.0,San Francisco,2345,1500,1924,2,776,,Active,October-2-2021 01:30 PM,October-2-2021 04:00 PM,http://www.redfin.com/CA/San-Francisco/116-Park-St-94110/home/1735586,San Francisco MLS,421597824,N,Y,37.7364826,-122.4230328
MLS Listing,,Single Family Residential,994 Corbett Ave,San Francisco,CA,94131,2795000,3,3.0,San Francisco,3110,1790,1947,2,899,,Active,October-2-2021 02:00 PM,October-2-2021 04:00 PM,http://www.redfin.com/CA/San-Francisco/994-Corbett-Ave-94131/home/683771,San Francisco MLS,421598579,N,Y,37.7507019,-122.4442357
MLS Listing,,Single Family Residential,358 Maynard St,San Francisco,CA,94112,995000,2,2.0,San Francisco,1650,2391,1942,2,603,,Active,October-3-2021 12:00 PM,October-3-2021 02:00 PM,http://www.redfin.com/CA/San-Francisco/358-Maynard-St-94112/home/1511127,San Francisco MLS,421598087,N,Y,37.7300588,-122.4224789
MLS Listing,,Multi-Family (5+ Unit),1536 - 1552 Great Hwy,San Francisco,CA,94122,9950000,0,,San Francisco,19391,16121,1907,2,513,,Active,,,http://www.redfin.com/CA/San-Francisco/1536-Great-Hwy-94122/home/1324870,San Francisco MLS,421598730,N,Y,37.7576524,-122.5086263
MLS Listing,,Condo/Co-op,798 Stanyan St #7,San Francisco,CA,94117,1628000,2,2.0,San Francisco,1464,4369,2001,2,1112,228,Active,,,http://www.redfin.com/CA/San-Francisco/798-Stanyan-St-94117/unit-7/home/1224204,San Francisco MLS,421598649,N,Y,37.767502,-122.4528937
MLS Listing,,Condo/Co-op,216 Filbert St #2,San Francisco,CA,94133,775000,2,1.5,San Francisco,623,5953,1900,2,1244,311,Active,,,http://www.redfin.com/CA/San-Francisco/216-Filbert-St-94133/unit-2/home/12354772,San Francisco MLS,421598716,N,Y,37.80253,-122.4035614
MLS Listing,,Condo/Co-op,1726 Larkin St,San Francisco,CA,94109,1350000,3,2.0,San Francisco,1490,3598,1905,2,906,277,Active,October-3-2021 02:00 PM,October-3-2021 04:00 PM,http://www.redfin.com/CA/San-Francisco/1726-Larkin-St-94109/home/176545872,San Francisco MLS,421598711,N,Y,37.7938394,-122.4194435
MLS Listing,,Condo/Co-op,847 Arguello Blvd #4,San Francisco,CA,94118,1198000,2,2.0,San Francisco,983,3967,1983,2,1219,533,Active,September-29-2021 05:00 PM,September-29-2021 07:00 PM,http://www.redfin.com/CA/San-Francisco/847-Arguello-Blvd-94118/unit-4/home/620921,San Francisco MLS,421598534,N,Y,37.7749603,-122.4586882
MLS Listing,,Condo/Co-op,580 Hayes St #303,San Francisco,CA,94102,1895000,2,2.0,San Francisco,1321,12020,2018,2,1435,802,Active,October-2-2021 02:00 PM,October-2-2021 04:00 PM,http://www.redfin.com/CA/San-Francisco/580-Hayes-St-94102/unit-303/home/167260940,San Francisco MLS,421596907,N,Y,37.7767079,-122.4259839
MLS Listing,,Multi-Family (2-4 Unit),3630 - 3634 Scott St,San Francisco,CA,94123,2998000,5,3.0,San Francisco,3525,2504,1927,3,850,,Active,,,http://www.redfin.com/CA/San-Francisco/3630-Scott-St-94123/home/1522667,San Francisco MLS,421587640,N,Y,37.8035195,-122.4415624
MLS Listing,,Condo/Co-op,718 Long Bridge St #1300,San Francisco,CA,94158,1850000,2,2.0,San Francisco,1329,84866,2016,3,1392,1181,Active,,,http://www.redfin.com/CA/San-Francisco/718-Long-Bridge-St-94158/unit-1300/home/109685803,San Francisco MLS,421598625,N,Y,37.772,-122.393773
MLS Listing,,Condo/Co-op,400 Oak St #1,SAN FRANCISCO,CA,94102,786000,1,1.0,SAN FRANCISCO,600,,1900,3,1310,454,Active,,,http://www.redfin.com/CA/San-Francisco/400-Oak-St-94102/unit-1/home/28890102,MLSListings,ML81864321,N,Y,37.774782,-122.426094
MLS Listing,,Multi-Family (2-4 Unit),4355 Anza St,SAN FRANCISCO,CA,94121,1698000,2,2.5,SAN FRANCISCO,1975,2250,1917,3,860,,Active,October-2-2021 02:00 PM,October-2-2021 04:00 PM,http://www.redfin.com/CA/San-Francisco/4355-Anza-St-94121/home/176542700,MLSListings,ML81864320,N,Y,37.777544,-122.4950237
MLS Listing,,Condo/Co-op,655 Corbett Ave #506,San Francisco,CA,94114,698000,1,1.0,San Francisco,673,17101,1964,3,1037,556,Active,September-29-2021 05:00 PM,September-29-2021 07:00 PM,http://www.redfin.com/CA/San-Francisco/655-Corbett-Ave-94114/unit-506/home/1905289,San Francisco MLS,421596529,N,Y,37.7565294,-122.4430524
MLS Listing,,Multi-Family (2-4 Unit),1459 - 1461 17th Ave,San Francisco,CA,94122,1680000,4,3.0,San Francisco,3430,3000,1925,4,490,,Active,October-2-2021 01:00 PM,October-2-2021 03:00 PM,http://www.redfin.com/CA/San-Francisco/1459-17th-Ave-94122/home/631882,San Francisco MLS,421598617,N,Y,37.760676,-122.475105
MLS Listing,,Single Family Residential,1881 Oakdale Ave,San Francisco,CA,94124,1290000,8,3.0,San Francisco,2438,1642,2014,4,529,,Active,,,http://www.redfin.com/CA/San-Francisco/1881-Oakdale-Ave-94124/home/1807149,San Francisco MLS,421591870,N,Y,37.7374299,-122.395719
MLS Listing,,Condo/Co-op,1688 Pine St Unit E401,San Francisco,CA,94109,346593,2,2.0,San Francisco,889,35482,2016,4,390,,Active,September-30-2021 05:00 PM,September-30-2021 07:00 PM,http://www.redfin.com/CA/San-Francisco/1688-Pine-St-94109/unit-E401/home/144063589,San Francisco MLS,421595982,N,Y,37.7895497,-122.4233697
MLS Listing,,Single Family Residential,37 Sussex St,San Francisco,CA,94131,1895000,3,1.0,San Francisco,1189,1990,1951,4,1594,,Active,,,http://www.redfin.com/CA/San-Francisco/37-Sussex-St-94131/home/938107,San Francisco MLS,421596785,N,Y,37.7362095,-122.4335194
MLS Listing,,Multi-Family (2-4 Unit),1338 - 1340 42nd Ave,San Francisco,CA,94122,1195000,3,2.0,San Francisco,1452,3000,1908,4,823,,Active,September-30-2021 05:30 PM,September-30-2021 07:00 PM,http://www.redfin.com/CA/San-Francisco/1338-42nd-Ave-94122/home/108547189,San Francisco MLS,421596755,N,Y,37.7617282,-122.5013888
MLS Listing,,Multi-Family (2-4 Unit),77 - 81 Pleasant St,San Francisco,CA,94108,2995000,5,3.0,San Francisco,3315,1410,1907,4,903,,Active,,,http://www.redfin.com/CA/San-Francisco/77-Pleasant-St-94108/home/1029584,San Francisco MLS,421596893,N,Y,37.7927046,-122.4139666
MLS Listing,,Single Family Residential,651 29th St,SAN FRANCISCO,CA,94131,6395000,4,4.5,SAN FRANCISCO,5438,6597,2004,4,1176,,Active,,,http://www.redfin.com/CA/San-Francisco/651-29th-St-94131/home/69371622,MLSListings,ML81864098,N,Y,37.7430674,-122.4344663
MLS Listing,,Condo/Co-op,401 Harrison St Unit 8E,San Francisco,CA,94105,975000,1,1.0,San Francisco,710,,2014,4,1373,1292,Active,October-3-2021 02:00 PM,October-3-2021 04:00 PM,http://www.redfin.com/CA/San-Francisco/401-Harrison-St-94105/unit-8E/home/110263317,San Francisco MLS,421597929,N,Y,37.7863747,-122.3919931
MLS Listing,,Single Family Residential,100 Los Palmos Dr,San Francisco,CA,94127,1398000,3,1.5,San Francisco,,2962,1955,4,,,Active,September-30-2021 05:00 PM,September-30-2021 06:30 PM,http://www.redfin.com/CA/San-Francisco/100-Los-Palmos-Dr-94127/home/1686497,San Francisco MLS,421598527,N,Y,37.7353525,-122.4477386
MLS Listing,,Single Family Residential,15 Holyoke St,San Francisco,CA,94134,1395000,3,2.0,San Francisco,2010,3000,1912,4,694,,Active,September-30-2021 05:30 PM,September-30-2021 07:00 PM,http://www.redfin.com/CA/San-Francisco/15-Holyoke-St-94134/home/1503491,San Francisco MLS,421556507,N,Y,37.7307785,-122.4101145
MLS Listing,,Condo/Co-op,1439 Jefferson St,San Francisco,CA,94123,1895000,2,2.0,San Francisco,1583,3448,,4,1197,,Active,September-30-2021 04:30 PM,September-30-2021 06:00 PM,http://www.redfin.com/CA/San-Francisco/1439-Jefferson-St-94123/home/40142266,BAREIS,421598047,N,Y,37.8055131,-122.436239
MLS Listing,,Single Family Residential,80 Thor Ave,San Francisco,CA,94131,5295000,4,3.5,San Francisco,4125,2657,2021,4,1284,,Active,October-2-2021 02:00 PM,October-2-2021 04:00 PM,http://www.redfin.com/CA/San-Francisco/80-Thor-Ave-94131/unit-V/home/102540178,San Francisco MLS,421590880,N,Y,37.7348583,-122.434371
MLS Listing,,Condo/Co-op,72 Townsend St #702,San Francisco,CA,94107,1495000,2,2.0,San Francisco,1212,,,4,1233,920,Active,October-2-2021 01:45 PM,October-2-2021 04:15 PM,http://www.redfin.com/CA/San-Francisco/72-Townsend-St-94107/unit-702/home/102283789,San Francisco MLS,421596459,N,Y,37.7814887,-122.3902958
MLS Listing,,Condo/Co-op,60 Rausch St #402,San Francisco,CA,94103,699000,1,1.0,San Francisco,572,,2002,4,1222,519,Active,September-29-2021 12:00 PM,September-29-2021 01:30 PM,http://www.redfin.com/CA/San-Francisco/60-Rausch-St-94103/unit-402/home/12399471,San Francisco MLS,421598078,N,Y,37.7760722,-122.4096499
MLS Listing,,Single Family Residential,2840 Bryant St,San Francisco,CA,94110,1795000,2,2.0,San Francisco,2048,2500,1923,4,876,,Active,,,http://www.redfin.com/CA/San-Francisco/2840-Bryant-St-94110/home/886777,BAREIS,421598480,N,Y,37.7489529,-122.4089972
MLS Listing,,Multi-Family (2-4 Unit),184 Clipper St,SAN FRANCISCO,CA,94114,1549000,5,2.5,SAN FRANCISCO,2700,2047,1900,4,574,,Active,,,http://www.redfin.com/CA/San-Francisco/184-Clipper-St-94114/home/1205189,MLSListings,ML81862456,N,Y,37.74937,-122.429255
MLS Listing,,Condo/Co-op,2150 Grove St,San Francisco,CA,94117,1895000,3,2.0,San Francisco,,3000,1926,4,,350,Active,,,http://www.redfin.com/CA/San-Francisco/2150-Grove-St-94117/home/918479,San Francisco MLS,421592512,N,Y,37.7742997,-122.4520855
MLS Listing,,Condo/Co-op,101 Lombard St Unit 108W,San Francisco,CA,94111,1655000,3,2.0,San Francisco,1790,,1983,4,925,1992,Active,October-3-2021 01:00 PM,October-3-2021 03:00 PM,http://www.redfin.com/CA/San-Francisco/101-Lombard-St-94111/unit-108W/home/1107652,San Francisco MLS,421597348,N,Y,37.8037119,-122.4045338
MLS Listing,,Condo/Co-op,1201 California St #1403,San Francisco,CA,94109,2600000,3,3.0,San Francisco,1760,,1927,4,1477,2741,Active,,,http://www.redfin.com/CA/San-Francisco/1201-California-St-94109/unit-1403/home/12400948,San Francisco MLS,421585472,N,Y,37.790957,-122.4143844
MLS Listing,,Single Family Residential,323 Rutledge St,San Francisco,CA,94110,998000,3,1.0,San Francisco,1000,1873,1912,4,998,,Active,October-2-2021 02:00 PM,October-2-2021 04:00 PM,http://www.redfin.com/CA/San-Francisco/323-Rutledge-St-94110/home/1885469,San Francisco MLS,421598459,N,Y,37.7448037,-122.4098047
MLS Listing,,Single Family Residential,2502 Leavenworth St,SAN FRANCISCO,CA,94133,7898000,5,4.5,SAN FRANCISCO,4500,2500,1900,4,1755,,Active,,,http://www.redfin.com/CA/San-Francisco/2502-Leavenworth-St-94133/home/1698373,MLSListings,ML81864254,N,Y,37.8043491,-122.4182117
MLS Listing,,Condo/Co-op,81 Frank Norris St #505,San Francisco,CA,94109,795000,1,,San Francisco,784,6909,1913,5,1014,648,Active,October-3-2021 02:00 PM,October-3-2021 05:00 PM,http://www.redfin.com/CA/San-Francisco/81-Frank-Norris-St-94109/unit-505/home/17306914,San Francisco MLS,421594479,N,Y,37.78908,-122.420053
MLS Listing,,Condo/Co-op,676 Alvarado St,San Francisco,CA,94114,1888000,3,3.0,San Francisco,1873,3200,1980,5,1008,225,Active,September-29-2021 05:00 PM,September-29-2021 07:00 PM,http://www.redfin.com/CA/San-Francisco/676-Alvarado-St-94114/home/1670076,San Francisco MLS,421598163,N,Y,37.7537435,-122.4360312
MLS Listing,,Single Family Residential,419 Baden St,SAN FRANCISCO,CA,94131,2800000,4,3.5,SAN FRANCISCO,2805,3125,1986,5,998,,Active,,,http://www.redfin.com/CA/San-Francisco/419-Baden-St-94131/home/1696824,MLSListings,ML81864232,N,Y,37.7335126,-122.4400776
MLS Listing,,Condo/Co-op,1466 Church St #3,San Francisco,CA,94131,675000,1,1.0,San Francisco,,,1922,5,,370,Active,,,http://www.redfin.com/CA/San-Francisco/1466-Church-St-94131/unit-3/home/45498868,San Francisco MLS,421597718,N,Y,37.7472895,-122.4272484
MLS Listing,,Condo/Co-op,1310 Fillmore St #303,San Francisco,CA,94115,1249000,2,2.0,San Francisco,1407,52938,2007,5,888,980,Active,,,http://www.redfin.com/CA/San-Francisco/1310-Fillmore-St-94115/unit-303/home/17306911,San Francisco MLS,421598277,N,Y,37.7816647,-122.4321387
MLS Listing,,Condo/Co-op,137 Castro St,San Francisco,CA,94114,949000,1,1.0,San Francisco,851,2600,,5,1115,256,Active,,,http://www.redfin.com/CA/San-Francisco/137-Castro-St-94114/home/40628884,San Francisco MLS,421596714,N,Y,37.7668041,-122.4353327
MLS Listing,,Condo/Co-op,4637 25th St,San Francisco,CA,94114,925000,1,1.0,San Francisco,,2560,1978,5,,206,Active,October-2-2021 02:30 PM,October-2-2021 04:00 PM,http://www.redfin.com/CA/San-Francisco/4637-25th-St-94114/home/1440160,San Francisco MLS,421597823,N,Y,37.7490886,-122.441095
MLS Listing,,Multi-Family (2-4 Unit),5524 Mission St,San Francisco,CA,94112,999999,3,1.0,San Francisco,1829,3192,1923,5,547,,Active,October-2-2021 01:00 AM,October-2-2021 02:00 PM,http://www.redfin.com/CA/San-Francisco/5524-Mission-St-94112/home/45495787,San Francisco MLS,421598369,N,Y,37.7124482,-122.4452309
MLS Listing,,Condo/Co-op,855 Folsom St #112,San Francisco,CA,94107,799000,1,1.5,San Francisco,880,55687,2001,5,908,715,Active,September-29-2021 12:00 PM,September-29-2021 01:30 PM,http://www.redfin.com/CA/San-Francisco/855-Folsom-St-94107/unit-112/home/12397498,San Francisco MLS,421575584,N,Y,37.7810381,-122.4022553
MLS Listing,,Condo/Co-op,2922 21st St,San Francisco,CA,94110,1575000,3,2.0,San Francisco,,2479,1904,5,,350,Active,September-29-2021 06:00 PM,September-29-2021 07:00 PM,http://www.redfin.com/CA/San-Francisco/2922-21st-St-94110/home/12354836,San Francisco MLS,421598191,N,Y,37.7575754,-122.4129001
MLS Listing,,Single Family Residential,619 28th Ave,San Francisco,CA,94121,1595000,3,2.5,San Francisco,6570,,1926,5,243,,Active,,,http://www.redfin.com/CA/San-Francisco/619-28th-Ave-94121/home/617931,San Francisco MLS,421598319,N,Y,37.7776148,-122.4881042
MLS Listing,,Condo/Co-op,221 Page St,San Francisco,CA,94102,1295000,3,1.5,San Francisco,1355,1673,1879,5,956,200,Active,,,http://www.redfin.com/CA/San-Francisco/221-Page-St-94102/home/17306375,San Francisco MLS,421598271,N,Y,37.7736484,-122.4244943
MLS Listing,,Single Family Residential,559 Joost Ave,San Francisco,CA,94127,979000,2,1.0,San Francisco,979,2500,1924,5,1000,,Active,October-3-2021 01:00 PM,October-3-2021 03:00 PM,http://www.redfin.com/CA/San-Francisco/559-Joost-Ave-94127/home/691976,San Francisco MLS,421598293,N,Y,37.7321612,-122.4480616
MLS Listing,,Condo/Co-op,181 Fremont Unit 62C,San Francisco,CA,94105,2450000,2,2.5,San Francisco,1262,,2018,5,1941,2678,Active,,,http://www.redfin.com/CA/San-Francisco/181-Fremont-St-94105/unit-62C/home/144231786,San Francisco MLS,421598190,N,Y,37.7898082,-122.3953565
MLS Listing,,Single Family Residential,158 Cervantes Blvd,San Francisco,CA,94123,4795000,4,3.5,San Francisco,3255,2500,,5,1473,,Active,October-3-2021 02:00 PM,October-3-2021 04:00 PM,http://www.redfin.com/CA/San-Francisco/158-Cervantes-Blvd-94123/home/558405,San Francisco MLS,421596480,N,Y,37.8047096,-122.4400567
MLS Listing,,Condo/Co-op,74 New Montgomery St #304,San Francisco,CA,94105,599000,0,1.0,San Francisco,498,17865,1914,5,1203,880,Active,September-29-2021 12:00 PM,September-29-2021 01:30 PM,http://www.redfin.com/CA/San-Francisco/74-New-Montgomery-St-94105/unit-304/home/17304419,San Francisco MLS,421597231,N,Y,37.7874649,-122.4012865
MLS Listing,,Condo/Co-op,1025 Minna St #5,San Francisco,CA,94103,895000,1,1.5,San Francisco,933,3921,2003,5,959,434,Active,,,http://www.redfin.com/CA/San-Francisco/1025-Minna-St-94103/unit-5/home/2065666,San Francisco MLS,421597805,N,Y,37.7734573,-122.4168843
MLS Listing,,Single Family Residential,142 Wawona St,San Francisco,CA,94127,1995000,4,1.5,San Francisco,2687,2931,1923,5,742,,Active,September-30-2021 05:30 PM,September-30-2021 07:00 PM,http://www.redfin.com/CA/San-Francisco/142-Wawona-St-94127/home/684483,San Francisco MLS,421573559,N,Y,37.7408112,-122.467445
MLS Listing,,Condo/Co-op,2205 Sacramento St #201,San Francisco,CA,94115,1595000,2,1.5,San Francisco,1582,8805,1908,5,1008,690,Active,October-2-2021 01:00 PM,October-2-2021 03:00 PM,http://www.redfin.com/CA/San-Francisco/2205-Sacramento-St-94115/unit-201/home/1914955,San Francisco MLS,421596780,N,Y,37.790137,-122.4295439
MLS Listing,,Condo/Co-op,1200 California St Unit 25A,San Francisco,CA,94109,2250000,1,2.0,San Francisco,1435,,1962,5,1568,2166,Active,,,http://www.redfin.com/CA/San-Francisco/1200-California-St-94109/unit-25A/home/12400737,San Francisco MLS,421597809,N,Y,37.7917486,-122.4144729
MLS Listing,,Condo/Co-op,480 10th Ave,San Francisco,CA,94118,1695000,3,3.0,San Francisco,1977,2996,1915,5,857,455,Active,,,http://www.redfin.com/CA/San-Francisco/480-10th-Ave-94118/home/175610356,San Francisco MLS,421598223,N,Y,37.7793636,-122.4683726
MLS Listing,,Single Family Residential,1918 Divisadero St,SAN FRANCISCO,CA,94115,4299950,4,3.5,SAN FRANCISCO,3360,2260,1910,5,1280,,Active,October-2-2021 02:00 PM,October-2-2021 04:00 PM,http://www.redfin.com/CA/San-Francisco/1918-Divisadero-St-94115/home/589409,MLSListings,ML81864164,N,Y,37.7874899,-122.4401107
MLS Listing,,Condo/Co-op,2064 Green St,San Francisco,CA,94123,2695000,2,2.0,San Francisco,1765,2646,1948,5,1527,950,Active,September-29-2021 06:00 PM,September-29-2021 07:00 PM,http://www.redfin.com/CA/San-Francisco/2064-Green-St-94123/home/1268447,San Francisco MLS,421589856,N,Y,37.796671,-122.4331701
MLS Listing,,Condo/Co-op,1336 Lake St,San Francisco,CA,94118,1575000,2,1.5,San Francisco,1400,2500,1941,5,1125,350,Active,October-2-2021 12:00 PM,October-2-2021 01:00 PM,http://www.redfin.com/CA/San-Francisco/1336-Lake-St-94118/home/606737,San Francisco MLS,421598165,N,Y,37.7865026,-122.4739302
MLS Listing,,Condo/Co-op,842 Bay St,San Francisco,CA,94109,899000,2,1.0,San Francisco,,3850,,5,,445,Active,,,http://www.redfin.com/CA/San-Francisco/842-Bay-St-94109/home/39739529,San Francisco MLS,421593415,N,Y,37.8048818,-122.4211047
MLS Listing,,Single Family Residential,1842 18th Ave,San Francisco,CA,94122,3795000,5,4.5,San Francisco,3578,5998,1923,5,1061,,Active,,,http://www.redfin.com/CA/San-Francisco/1842-18th-Ave-94122/home/2027073,San Francisco MLS,421596619,N,Y,37.7534462,-122.4750071
MLS Listing,,Condo/Co-op,1177 California St #1414,San Francisco,CA,94108,1645000,2,2.5,San Francisco,1399,,,5,1176,1623,Active,,,http://www.redfin.com/CA/San-Francisco/1177-California-St-94108/unit-1414/home/1459255,San Francisco MLS,421597785,N,Y,37.7909986,-122.4137649
MLS Listing,,Single Family Residential,250 Edgewood Ave,SAN FRANCISCO,CA,94117,3999950,4,4.5,SAN FRANCISCO,2766,3937,1908,5,1446,,Active,September-30-2021 12:00 PM,September-30-2021 05:00 PM,http://www.redfin.com/CA/San-Francisco/250-Edgewood-Ave-94117/home/671540,MLSListings,ML81864149,N,Y,37.761521,-122.454625
MLS Listing,,Condo/Co-op,858 Capp St #8,San Francisco,CA,94110,1899000,3,3.0,San Francisco,1638,,2021,5,1159,507,Active,,,http://www.redfin.com/CA/San-Francisco/858-Capp-St-94110/unit-8/home/175168197,San Francisco MLS,421598164,N,Y,37.7529271,-122.4176769
MLS Listing,,Single Family Residential,2240 27th Ave,San Francisco,CA,94116,1295000,3,1.0,San Francisco,1899,2996,1936,5,682,,Active,September-30-2021 05:00 PM,September-30-2021 07:00 PM,http://www.redfin.com/CA/San-Francisco/2240-27th-Ave-94116/home/1910855,San Francisco MLS,421596878,N,Y,37.7455871,-122.4842047
MLS Listing,,Condo/Co-op,1257 Dolores St Unit A,San Francisco,CA,94110,875000,1,1.0,San Francisco,860,,1910,5,1017,436,Active,October-3-2021 02:00 PM,October-3-2021 04:00 PM,http://www.redfin.com/CA/San-Francisco/1257-Dolores-St-94110/unit-A/home/1785240,San Francisco MLS,421597429,N,Y,37.749337,-122.424492
MLS Listing,,Single Family Residential,555 Ramsell St,SAN FRANCISCO,CA,94132,1981989,5,4.5,SAN FRANCISCO,3187,5000,2021,5,622,,Active,,,http://www.redfin.com/CA/San-Francisco/555-Ramsell-St-94132/home/1311200,MLSListings,ML81864128,N,Y,37.7207163,-122.4665605
MLS Listing,,Condo/Co-op,2449 Chestnut St,San Francisco,CA,94123,1895000,2,2.0,San Francisco,1462,3408,1927,5,1296,350,Active,,,http://www.redfin.com/CA/San-Francisco/2449-Chestnut-St-94123/home/583613,San Francisco MLS,421597943,N,Y,37.7997663,-122.4437149
MLS Listing,,Condo/Co-op,563 Belvedere St,San Francisco,CA,94117,1498000,3,1.5,San Francisco,1378,2446,1909,5,1087,,Active,September-30-2021 05:00 PM,September-30-2021 06:30 PM,http://www.redfin.com/CA/San-Francisco/563-Belvedere-St-94117/home/602269,San Francisco MLS,421590035,N,Y,37.762386,-122.448196
MLS Listing,,Single Family Residential,1526 27th Ave,San Francisco,CA,94122,1495000,3,1.5,San Francisco,1600,2374,1931,5,934,,Active,October-2-2021 02:00 PM,October-2-2021 04:00 PM,http://www.redfin.com/CA/San-Francisco/1526-27th-Ave-94122/home/633833,San Francisco MLS,421587793,N,Y,37.758913,-122.48507
MLS Listing,,Single Family Residential,368 Bradford St,San Francisco,CA,94110,1475000,4,3.0,San Francisco,1620,2099,1962,5,910,,Active,,,http://www.redfin.com/CA/San-Francisco/368-Bradford-St-94110/home/1264728,San Francisco MLS,421597968,N,Y,37.7372159,-122.4098932
MLS Listing,,Single Family Residential,22 Cutler Ave,San Francisco,CA,94116,1095000,3,2.0,San Francisco,,2003,1944,5,,,Active,October-2-2021 02:00 PM,October-2-2021 04:00 PM,http://www.redfin.com/CA/San-Francisco/22-Cutler-Ave-94116/home/1921725,San Francisco MLS,421597966,N,Y,37.7372013,-122.5058392
MLS Listing,,Condo/Co-op,764 Clayton St,San Francisco,CA,94117,1995000,4,3.5,San Francisco,2255,2650,1895,5,885,391,Active,,,http://www.redfin.com/CA/San-Francisco/764-Clayton-St-94117/home/51565776,San Francisco MLS,421598050,N,Y,37.7677421,-122.4480369
MLS Listing,,Single Family Residential,519 Garfield St,San Francisco,CA,94132,995000,2,1.0,San Francisco,1145,2199,1949,5,869,,Active,October-2-2021 02:00 PM,October-2-2021 04:00 PM,http://www.redfin.com/CA/San-Francisco/519-Garfield-St-94132/home/823396,San Francisco MLS,421584344,N,Y,37.7195902,-122.4675938
MLS Listing,,Condo/Co-op,760 Duboce Ave,San Francisco,CA,94117,1995000,3,2.0,San Francisco,1793,3047,1900,5,1113,335,Active,October-2-2021 02:30 PM,October-2-2021 04:30 PM,http://www.redfin.com/CA/San-Francisco/760-Duboce-Ave-94117/home/1269749,San Francisco MLS,421591372,N,Y,37.769176,-122.4363114
MLS Listing,,Condo/Co-op,701 Clayton St,San Francisco,CA,94117,1825000,3,2.0,San Francisco,728,2979,1895,5,2507,937,Active,,,http://www.redfin.com/CA/San-Francisco/701-Clayton-St-94117/unit-701/home/176519167,San Francisco MLS,421597068,N,Y,37.768728,-122.4485943
MLS Listing,,Condo/Co-op,39 Collingwood St,San Francisco,CA,94114,1549000,3,1.0,San Francisco,1615,2499,1908,5,959,300,Active,,,http://www.redfin.com/CA/San-Francisco/39-Collingwood-St-94114/home/39910600,San Francisco MLS,421596103,N,Y,37.761778,-122.43593
MLS Listing,,Single Family Residential,377 Santa Ana Ave,San Francisco,CA,94127,2375000,4,3.0,San Francisco,2545,5179,1928,5,933,31,Active,,,http://www.redfin.com/CA/San-Francisco/377-Santa-Ana-Ave-94127/home/699045,San Francisco MLS,421594634,N,Y,37.7299994,-122.4679757
MLS Listing,,Condo/Co-op,1860 Washington St #302,San Francisco,CA,94109,949000,2,1.0,San Francisco,920,7023,1983,5,1032,624,Active,,,http://www.redfin.com/CA/San-Francisco/1860-Washington-St-94109/unit-302/home/565550,San Francisco MLS,421595568,N,Y,37.7931806,-122.4238816
MLS Listing,,Condo/Co-op,2858 Sacramento St,San Francisco,CA,94115,1695000,3,2.0,San Francisco,1705,3192,1900,5,994,375,Active,September-30-2021 05:00 PM,September-30-2021 06:30 PM,http://www.redfin.com/CA/San-Francisco/2858-Sacramento-St-94115/home/1568839,San Francisco MLS,421597688,N,Y,37.7892156,-122.4399712
MLS Listing,,Condo/Co-op,260 Downey St,San Francisco,CA,94114,1149000,2,2.0,San Francisco,,1759,1907,5,,260,Active,,,http://www.redfin.com/CA/San-Francisco/260-Downey-St-94117/home/1252766,San Francisco MLS,421596057,N,Y,37.7644246,-122.4464617
MLS Listing,,Condo/Co-op,3131 Pierce St #305,San Francisco,CA,94123,1595000,2,2.0,San Francisco,1194,,,5,1336,1137,Active,,,http://www.redfin.com/CA/San-Francisco/3131-Pierce-St-94123/unit-305/home/176518515,San Francisco MLS,421598062,N,Y,37.7989774,-122.4394952
MLS Listing,,Single Family Residential,425 El Camino Del Mar,San Francisco,CA,94121,4495000,4,3.0,San Francisco,3100,4098,1951,5,1450,,Active,,,http://www.redfin.com/CA/San-Francisco/425-El-Camino-Del-Mar-94121/home/1228387,San Francisco MLS,421597992,N,Y,37.787286,-122.4878746
MLS Listing,,Multi-Family (2-4 Unit),524 - 526 Vermont St,San Francisco,CA,94107,1900000,3,2.0,San Francisco,2337,2374,1900,5,813,,Active,,,http://www.redfin.com/CA/San-Francisco/524-Vermont-St-94107/home/727893,San Francisco MLS,421592366,N,Y,37.7629697,-122.4046454
MLS Listing,,Condo/Co-op,2168 Grove St,San Francisco,CA,94117,1495000,2,1.5,San Francisco,1779,3000,1927,5,840,250,Active,,,http://www.redfin.com/CA/San-Francisco/2168-Grove-St-94117/home/1888456,San Francisco MLS,421597826,N,Y,37.7743608,-122.4523591
MLS Listing,,Multi-Family (2-4 Unit),2015 - 2019 17th St,San Francisco,CA,94103,3295000,7,4.0,San Francisco,4600,2495,1900,5,716,,Active,,,http://www.redfin.com/CA/San-Francisco/2015-17th-St-94103/unit-2019/home/1687257,San Francisco MLS,421597211,N,Y,37.764465,-122.4040351
MLS Listing,,Single Family Residential,1274 Sanchez St,San Francisco,CA,94114,1259000,2,1.0,San Francisco,1100,2008,1900,5,1145,,Active,October-2-2021 02:00 PM,October-2-2021 04:00 PM,http://www.redfin.com/CA/San-Francisco/1274-Sanchez-St-94114/home/1981916,San Francisco MLS,421597232,N,Y,37.7487136,-122.4296705
MLS Listing,,Condo/Co-op,2017 17th St,San Francisco,CA,94103,1199000,3,2.0,San Francisco,1465,2495,1900,5,818,,Active,,,http://www.redfin.com/CA/San-Francisco/2017-17th-St-94103/home/12069895,San Francisco MLS,421597182,N,Y,37.7645291,-122.404072
MLS Listing,,Condo/Co-op,1235 Mcallister St #121,San Francisco,CA,94115,378157,1,1.0,San Francisco,659,41261,2000,5,574,400,Active,October-3-2021 12:00 PM,October-3-2021 02:00 PM,http://www.redfin.com/CA/San-Francisco/1235-McAllister-St-94115/unit-121/home/1562187,San Francisco MLS,421594132,N,Y,37.7782718,-122.432637
MLS Listing,,Condo/Co-op,77 Van Ness Ave #403,San Francisco,CA,94102,1295000,2,2.0,San Francisco,1155,13040,2009,5,1121,496,Active,,,http://www.redfin.com/CA/San-Francisco/77-Van-Ness-Ave-94102/unit-403/home/40138122,San Francisco MLS,421597148,N,Y,37.7760549,-122.4199372
MLS Listing,,Condo/Co-op,235 Berry St #517,San Francisco,CA,94158,1149000,2,2.0,San Francisco,1078,42959,2007,5,1066,685,Active,September-29-2021 12:00 PM,September-29-2021 02:00 PM,http://www.redfin.com/CA/San-Francisco/235-Berry-St-94158/unit-517/home/12354977,San Francisco MLS,421583634,N,Y,37.7747025,-122.3941174
MLS Listing,,Condo/Co-op,2459 Jackson St,San Francisco,CA,94115,2895000,3,2.5,San Francisco,2321,3474,1900,5,1247,513,Active,,,http://www.redfin.com/CA/San-Francisco/2459-Jackson-St-94115/home/1691090,San Francisco MLS,421596530,N,Y,37.792079,-122.435514
MLS Listing,,Condo/Co-op,900 Bush St #512,San Francisco,CA,94109,750000,1,1.0,San Francisco,876,,1982,5,856,1156,Active,September-30-2021 05:00 PM,September-30-2021 06:00 PM,http://www.redfin.com/CA/San-Francisco/900-Bush-St-94109/unit-512/home/1978745,San Francisco MLS,421591229,N,Y,37.7898591,-122.4125833
MLS Listing,,Condo/Co-op,8200 Oceanview Ter #115,San Francisco,CA,94132,699950,2,2.0,San Francisco,948,,2002,5,738,697,Active,October-2-2021 11:00 AM,October-2-2021 01:00 PM,http://www.redfin.com/CA/San-Francisco/8200-Oceanview-Ter-94132/unit-115/home/1918997,San Francisco MLS,421597698,N,Y,37.7099731,-122.4675313
MLS Listing,,Condo/Co-op,1046 Sanchez St,San Francisco,CA,94114,1495000,3,1.0,San Francisco,1443,2650,1900,5,1036,400,Active,,,http://www.redfin.com/CA/San-Francisco/1046-Sanchez-St-94114/home/1526557,BAREIS,421596053,N,Y,37.752464,-122.430056
MLS Listing,,Condo/Co-op,470 Collingwood St #2,San Francisco,CA,94114,995000,1,1.0,San Francisco,,6250,1965,5,,400,Active,October-2-2021 01:00 PM,October-2-2021 03:00 PM,http://www.redfin.com/CA/San-Francisco/470-Collingwood-St-94114/unit-2/home/176515742,San Francisco MLS,421594554,N,Y,37.7548626,-122.4358861
MLS Listing,,Condo/Co-op,72 Townsend St #803,San Francisco,CA,94107,1249000,1,1.5,San Francisco,885,,2016,5,1411,806,Active,October-2-2021 11:00 AM,October-2-2021 01:00 PM,http://www.redfin.com/CA/San-Francisco/72-Townsend-St-94107/unit-803/home/108558514,San Francisco MLS,421594840,N,Y,37.7814887,-122.3902958
MLS Listing,,Condo/Co-op,28 Virginia Ave,San Francisco,CA,94110,649000,1,1.0,San Francisco,445,572,1925,5,1458,150,Active,October-1-2021 05:00 PM,October-1-2021 06:00 PM,http://www.redfin.com/CA/San-Francisco/28-Virginia-Ave-94110/home/40629236,San Francisco MLS,421594908,N,Y,37.742809,-122.42101
MLS Listing,,Condo/Co-op,312 Fair Oaks St,San Francisco,CA,94110,1095000,2,1.0,San Francisco,1093,2476,1925,5,1002,150,Active,October-3-2021 02:00 PM,October-3-2021 04:00 PM,http://www.redfin.com/CA/San-Francisco/312-Fair-Oaks-St-94110/home/69371647,San Francisco MLS,421596819,N,Y,37.751567,-122.424202
MLS Listing,,Condo/Co-op,301 Mission St Unit 9C,San Francisco,CA,94105,1750000,2,2.5,San Francisco,1583,,2009,5,1105,1750,Active,,,http://www.redfin.com/CA/San-Francisco/301-Mission-St-94105/unit-9C/home/40138724,San Francisco MLS,421591859,N,Y,37.7903824,-122.3961531
MLS Listing,,Condo/Co-op,161 Gilbert St #4,San Francisco,CA,94103,1250000,2,2.0,San Francisco,1550,8820,1995,5,806,927,Active,September-29-2021 12:00 PM,September-29-2021 01:30 PM,http://www.redfin.com/CA/San-Francisco/161-Gilbert-St-94103/unit-4/home/12396094,San Francisco MLS,421595969,N,Y,37.7730051,-122.4018839
MLS Listing,,Condo/Co-op,414 Murray St,San Francisco,CA,94110,1180000,2,2.0,San Francisco,968,,1905,5,1219,300,Active,,,http://www.redfin.com/CA/San-Francisco/414-Murray-St-94110/home/173337872,San Francisco MLS,421594030,N,Y,37.7353345,-122.4201003
MLS Listing,,Condo/Co-op,1688 Pine St Unit E502,San Francisco,CA,94109,1398000,2,2.0,San Francisco,1022,35482,2016,5,1368,821,Active,September-29-2021 04:00 PM,September-29-2021 06:00 PM,http://www.redfin.com/CA/San-Francisco/1688-Pine-St-94109/unit-E502/home/111102354,San Francisco MLS,421595927,N,Y,37.7895497,-122.4233697
MLS Listing,,Condo/Co-op,338 Potrero Ave #405,San Francisco,CA,94103,795000,1,1.0,San Francisco,,11250,2016,5,,634,Active,,,http://www.redfin.com/CA/San-Francisco/338-Potrero-Ave-94103/unit-405/home/112777801,San Francisco MLS,421591105,N,Y,37.7651398,-122.4077664
MLS Listing,,Condo/Co-op,451 Kansas St #482,San Francisco,CA,94107,1150000,2,2.0,San Francisco,932,80311,2007,5,1234,633,Active,October-3-2021 01:30 PM,October-3-2021 03:30 PM,http://www.redfin.com/CA/San-Francisco/451-Kansas-St-94107/unit-482/home/23424613,San Francisco MLS,421596802,N,Y,37.7637484,-122.4027468
MLS Listing,,Single Family Residential,2335 43rd Ave,SAN FRANCISCO,CA,94116,1198000,2,1.0,SAN FRANCISCO,995,2996,1944,5,1204,,Active,,,http://www.redfin.com/CA/San-Francisco/2335-43rd-Ave-94116/home/1307694,MLSListings,ML81863849,N,Y,37.743079,-122.5017575
MLS Listing,,Condo/Co-op,1310 Greenwich St #302,San Francisco,CA,94109,1295000,2,1.0,San Francisco,956,2639,1924,5,1355,649,Active,September-30-2021 05:30 PM,September-30-2021 07:00 PM,http://www.redfin.com/CA/San-Francisco/1310-Greenwich-St-94109/unit-302/home/170557832,San Francisco MLS,421596713,N,Y,37.8009108,-122.4214232
MLS Listing,,Condo/Co-op,1099 23rd St #9,San Francisco,CA,94107,1099000,2,2.0,San Francisco,1342,10000,2000,5,819,774,Active,,,http://www.redfin.com/CA/San-Francisco/1099-23rd-St-94107/unit-9/home/12396793,San Francisco MLS,421597666,N,Y,37.755027,-122.39042
MLS Listing,,Condo/Co-op,181 Ofarrell St #302,San Francisco,CA,94102,1195000,2,1.5,San Francisco,1499,,2006,5,797,805,Active,,,http://www.redfin.com/CA/San-Francisco/181-O-Farrell-St-94102/unit-302/home/17306980,San Francisco MLS,421597825,N,Y,37.7862743,-122.4075642
MLS Listing,,Condo/Co-op,270 Henry St #101,San Francisco,CA,94114,1450000,2,2.0,San Francisco,1084,4428,1996,6,1338,495,Active,September-29-2021 04:00 PM,September-29-2021 06:00 PM,http://www.redfin.com/CA/San-Francisco/270-Henry-St-94114/unit-101/home/148060022,San Francisco MLS,421597394,N,Y,37.7666438,-122.4370234
MLS Listing,,Other,3054 San Bruno Ave,SAN FRANCISCO,CA,94134,1450000,5,3.0,SAN FRANCISCO,2300,2996,1906,6,630,,Active,,,http://www.redfin.com/CA/San-Francisco/3054-San-Bruno-Ave-94134/home/2011702,MLSListings,ML81864049,N,Y,37.7233503,-122.402102
MLS Listing,,Single Family Residential,618 27th Ave,SAN FRANCISCO,CA,94121,2088000,4,2.0,SAN FRANCISCO,2200,2500,1921,6,949,,Active,,,http://www.redfin.com/CA/San-Francisco/618-27th-Ave-94121/home/2016043,MLSListings,ML81864042,N,Y,37.7776538,-122.4864156
MLS Listing,,Condo/Co-op,345 8th St #304,San Francisco,CA,94103,1160000,2,2.0,San Francisco,887,,,6,1308,670,Active,,,http://www.redfin.com/CA/San-Francisco/345-8th-St-94103/unit-304/home/176512116,San Francisco MLS,421597798,N,Y,37.7745884,-122.4095559
MLS Listing,,Single Family Residential,537 Flood Ave,San Francisco,CA,94112,1299750,3,2.0,San Francisco,1630,2809,1912,6,797,,Active,October-2-2021 01:00 PM,October-2-2021 04:00 PM,http://www.redfin.com/CA/San-Francisco/537-Flood-Ave-94112/home/1230682,San Francisco MLS,421596820,N,Y,37.7297152,-122.4519653
MLS Listing,,Condo/Co-op,345 8th St #305,San Francisco,CA,94103,675000,1,1.0,San Francisco,537,,,6,1257,562,Active,,,http://www.redfin.com/CA/San-Francisco/345-8th-St-94103/unit-305/home/176512032,San Francisco MLS,421597821,N,Y,37.7745884,-122.4095559
MLS Listing,,Condo/Co-op,857 Filbert St,San Francisco,CA,94133,1895000,2,2.0,San Francisco,1439,2389,1907,6,1317,418,Active,September-29-2021 05:00 PM,September-29-2021 06:30 PM,http://www.redfin.com/CA/San-Francisco/857-Filbert-St-94133/home/40456889,San Francisco MLS,421597841,N,Y,37.8006228,-122.4134862
MLS Listing,,Single Family Residential,2219 44th Ave,SAN FRANCISCO,CA,94116,999000,2,1.0,SAN FRANCISCO,1228,3000,1939,6,814,,Active,,,http://www.redfin.com/CA/San-Francisco/2219-44th-Ave-94116/home/963860,MLSListings,ML81864030,N,Y,37.7451813,-122.5029753
MLS Listing,,Condo/Co-op,401 Harrison St Unit 8D,San Francisco,CA,94105,930000,1,1.0,San Francisco,607,56023,2014,6,1532,1235,Active,,,http://www.redfin.com/CA/San-Francisco/401-Harrison-St-94105/unit-8D/home/144064184,BAREIS,421597441,N,Y,37.7863747,-122.3919931
MLS Listing,,Condo/Co-op,1260 Clay St #206,San Francisco,CA,94108,675000,1,1.0,San Francisco,575,22394,1950,6,1174,675,Active,September-29-2021 05:30 PM,September-29-2021 07:00 PM,http://www.redfin.com/CA/San-Francisco/1260-Clay-St-94108/unit-206/home/546953,San Francisco MLS,421597053,N,Y,37.7936238,-122.4139419
MLS Listing,,Single Family Residential,163 Whittier St,San Francisco,CA,94112,950000,2,2.0,San Francisco,1536,4738,1954,6,618,,Active,October-2-2021 11:00 AM,October-2-2021 01:00 PM,http://www.redfin.com/CA/San-Francisco/163-Whittier-St-94112/home/1318868,San Francisco MLS,421597896,N,Y,37.7083717,-122.4470675
MLS Listing,,Condo/Co-op,3334 - A 16th St,San Francisco,CA,94114,1295000,2,2.0,San Francisco,,2277,1907,6,,411,Active,September-29-2021 05:00 PM,September-29-2021 06:30 PM,http://www.redfin.com/CA/San-Francisco/3334-16th-St-94114/home/169571117,San Francisco MLS,421597168,N,Y,37.7648259,-122.4271692
MLS Listing,,Condo/Co-op,301 Crescent Ct #3412,SAN FRANCISCO,CA,94134,628888,1,1.0,SAN FRANCISCO,842,,2007,6,747,507,Active,,,http://www.redfin.com/CA/San-Francisco/301-Crescent-Ct-94134/unit-3412/home/12277965,MLSListings,ML81864013,N,Y,37.711115,-122.388595
MLS Listing,,Single Family Residential,1915 Sacramento St,San Francisco,CA,94109,3650000,3,4.5,San Francisco,2340,3188,1900,6,1560,,Active,,,http://www.redfin.com/CA/San-Francisco/1915-Sacramento-St-94109/home/1779856,San Francisco MLS,421592330,N,Y,37.7907411,-122.4250694
MLS Listing,,Single Family Residential,583 Corbett Ave,San Francisco,CA,94114,3495000,5,5.0,San Francisco,4615,2078,2002,6,757,,Active,,,http://www.redfin.com/CA/San-Francisco/583-Corbett-Ave-94114/home/1009099,San Francisco MLS,421597267,N,Y,37.7572374,-122.4435251
MLS Listing,,Condo/Co-op,3615 Buchanan St #303,San Francisco,CA,94123,1299000,2,2.0,San Francisco,1169,9960,,6,1111,588,Active,October-3-2021 02:00 PM,October-3-2021 04:00 PM,http://www.redfin.com/CA/San-Francisco/3615-Buchanan-St-94123/unit-303/home/1322497,San Francisco MLS,421597840,N,Y,37.8033942,-122.4336113
MLS Listing,,Single Family Residential,2353 Funston Ave,San Francisco,CA,94116,1725000,4,2.5,San Francisco,2650,3706,1925,6,651,,Active,September-30-2021 06:00 PM,September-30-2021 07:00 PM,http://www.redfin.com/CA/San-Francisco/2353-Funston-Ave-94116/home/1733387,San Francisco MLS,421595850,N,Y,37.744171,-122.469551
MLS Listing,,Single Family Residential,44 Williar Ave,San Francisco,CA,94112,1395000,3,3.0,San Francisco,2354,2047,1917,6,593,,Active,September-30-2021 04:30 PM,September-30-2021 06:30 PM,http://www.redfin.com/CA/San-Francisco/44-Williar-Ave-94112/home/820090,San Francisco MLS,421597364,N,Y,37.7206238,-122.4521312
MLS Listing,,Single Family Residential,309 Sargent St,San Francisco,CA,94132,1799000,5,4.0,San Francisco,2678,2495,1964,6,672,,Active,September-30-2021 05:00 PM,September-30-2021 06:30 PM,http://www.redfin.com/CA/San-Francisco/309-Sargent-St-94132/home/1472713,San Francisco MLS,421593771,N,Y,37.7159479,-122.4659303
MLS Listing,,Condo/Co-op,8200 Oceanview Ter #204,San Francisco,CA,94132,625000,1,1.0,San Francisco,688,325629,2002,6,908,615,Active,,,http://www.redfin.com/CA/San-Francisco/8200-Oceanview-Ter-94132/unit-204/home/2022822,San Francisco MLS,421597590,N,Y,37.7099731,-122.4675313
MLS Listing,,Single Family Residential,272 Glenview Dr,San Francisco,CA,94131,1399000,3,2.0,San Francisco,,3240,1958,6,,,Active,October-2-2021 11:00 AM,October-2-2021 01:00 PM,http://www.redfin.com/CA/San-Francisco/272-Glenview-Dr-94131/home/679530,San Francisco MLS,421597701,N,Y,37.7481605,-122.4455074
MLS Listing,,Condo/Co-op,27 Judah St,San Francisco,CA,94122,1350000,3,2.0,San Francisco,,2478,,6,,270,Active,September-29-2021 05:00 PM,September-29-2021 06:30 PM,http://www.redfin.com/CA/San-Francisco/27-Judah-St-94122/home/17306718,San Francisco MLS,421597113,N,Y,37.7621614,-122.4623922
MLS Listing,,Single Family Residential,319 Flood Ave,San Francisco,CA,94112,1099000,2,1.0,Sunnyside,908,2809,1922,6,1210,,Active,,,http://www.redfin.com/CA/San-Francisco/319-Flood-Ave-94112/home/2011054,"bridgeMLS, Bay East AOR, or Contra Costa AOR",40968313,N,Y,37.7297047,-122.4470766
MLS Listing,,Condo/Co-op,2440 Broadway St,San Francisco,CA,94115,4995000,3,3.5,San Francisco,2731,6115,1908,6,1829,,Active,,,http://www.redfin.com/CA/San-Francisco/2440-Broadway-94123/home/1988223,San Francisco MLS,421596996,N,Y,37.7942133,-122.4373681
MLS Listing,,Condo/Co-op,555 Golden Gate Ave Unit 9F,San Francisco,CA,94102,1248000,2,2.0,San Francisco,912,,2021,6,1368,633,Active,,,http://www.redfin.com/CA/San-Francisco/555-Golden-Gate-Ave-94102/unit-9F/home/176504147,San Francisco MLS,421597763,N,Y,37.7808655,-122.4196054
MLS Listing,,Condo/Co-op,900 Bush St #1002,San Francisco,CA,94109,710000,1,1.0,San Francisco,657,,1982,6,1081,1082,Active,September-30-2021 05:00 PM,September-30-2021 06:00 PM,http://www.redfin.com/CA/San-Francisco/900-Bush-St-94109/unit-1002/home/1348361,San Francisco MLS,421597689,N,Y,37.7898591,-122.4125833
MLS Listing,,Condo/Co-op,75 Waller St,San Francisco,CA,94102,1749000,3,2.0,San Francisco,2132,4689,1890,6,820,404,Active,October-2-2021 01:00 PM,October-2-2021 04:00 PM,http://www.redfin.com/CA/San-Francisco/75-Waller-St-94102/home/847714,San Francisco MLS,421597699,N,Y,37.7716255,-122.4248135
MLS Listing,,Condo/Co-op,451 Kansas St #610,San Francisco,CA,94107,899000,1,1.0,San Francisco,790,80311,2007,6,1138,593,Active,October-2-2021 02:00 PM,October-2-2021 04:00 PM,http://www.redfin.com/CA/San-Francisco/451-Kansas-St-94107/unit-610/home/23424556,San Francisco MLS,421596369,N,Y,37.7637484,-122.4027468
MLS Listing,,Townhouse,118 Dolphin Ct #42,San Francisco,CA,94124,799000,3,2.5,San Francisco,1360,575,1981,6,588,458,Active,,,http://www.redfin.com/CA/San-Francisco/118-Dolphin-Ct-94124/unit-42/home/1166806,San Francisco MLS,421597038,N,Y,37.7279933,-122.371257
MLS Listing,,Condo/Co-op,1310 Fillmore St #302,SAN FRANCISCO,CA,94115,1138000,2,2.0,SAN FRANCISCO,1275,,2007,6,893,606,Active,,,http://www.redfin.com/CA/San-Francisco/1310-Fillmore-St-94115/unit-302/home/17306912,MLSListings,ML81859870,N,Y,37.7816647,-122.4321387
MLS Listing,,Single Family Residential,2566 42nd Ave,San Francisco,CA,94116,1095000,3,2.0,San Francisco,1341,2996,1954,6,817,,Active,October-2-2021 02:00 PM,October-2-2021 04:00 PM,http://www.redfin.com/CA/San-Francisco/2566-42nd-Ave-94116/home/663327,San Francisco MLS,421591777,N,Y,37.7388765,-122.4998454
MLS Listing,,Condo/Co-op,1200 California St Unit 9D,San Francisco,CA,94109,1895000,2,2.0,San Francisco,1800,,,6,1053,2399,Active,,,http://www.redfin.com/CA/San-Francisco/1200-California-St-94109/unit-9D/home/12400723,San Francisco MLS,421592144,N,Y,37.7917486,-122.4144729
MLS Listing,,Single Family Residential,283 28th Ave,San Francisco,CA,94121,3695000,4,3.5,San Francisco,2795,2853,1916,6,1322,,Active,,,http://www.redfin.com/CA/San-Francisco/283-28th-Ave-94121/home/1717160,San Francisco MLS,421595544,N,Y,37.7840954,-122.4884495
MLS Listing,,Condo/Co-op,4 15th Ave,San Francisco,CA,94118,1995000,3,2.0,San Francisco,1905,4910,1940,6,1047,250,Active,,,http://www.redfin.com/CA/San-Francisco/4-15th-Ave-94118/home/873166,San Francisco MLS,421597549,N,Y,37.7869865,-122.4741227
MLS Listing,,Single Family Residential,775 37th Ave,San Francisco,CA,94121,1599000,3,1.5,San Francisco,1670,2996,1924,6,957,,Active,,,http://www.redfin.com/CA/San-Francisco/775-37th-Ave-94121/home/991606,San Francisco MLS,421588051,N,Y,37.7743349,-122.4974997
MLS Listing,,Condo/Co-op,2893 - A 24th St,San Francisco,CA,94110,895000,1,1.0,San Francisco,840,4025,1900,6,1065,453,Active,September-29-2021 05:00 PM,September-29-2021 06:00 PM,http://www.redfin.com/CA/San-Francisco/2893-24th-St-94110/home/26838631,San Francisco MLS,421597071,N,Y,37.7524329,-122.4098786
MLS Listing,,Multi-Family (2-4 Unit),2628 - 2630 Leavenworth St,San Francisco,CA,94133,2799000,5,3.0,San Francisco,3286,2138,1929,6,852,,Active,October-3-2021 02:00 PM,October-3-2021 04:00 PM,http://www.redfin.com/CA/San-Francisco/2628-Leavenworth-St-94133/home/1482500,San Francisco MLS,421594321,N,Y,37.8054658,-122.4183553
MLS Listing,,Condo/Co-op,2997 Harrison St,San Francisco,CA,94110,1395000,3,2.0,San Francisco,1496,2596,1912,6,932,250,Active,,,http://www.redfin.com/CA/San-Francisco/2997-Harrison-St-94110/home/167114366,San Francisco MLS,421592947,N,Y,37.7496145,-122.4113846
MLS Listing,,Single Family Residential,319 Detroit St,San Francisco,CA,94131,1559000,4,3.5,San Francisco,1845,1875,1927,6,845,,Active,October-2-2021 02:00 PM,October-2-2021 04:00 PM,http://www.redfin.com/CA/San-Francisco/319-Detroit-St-94131/home/1478565,San Francisco MLS,421595390,N,Y,37.7302389,-122.4445453
MLS Listing,,Condo/Co-op,1688 Pine St Unit W1204,San Francisco,CA,94109,899000,1,1.0,San Francisco,727,35482,2016,6,1237,743,Active,,,http://www.redfin.com/CA/San-Francisco/1688-Pine-St-94109/unit-W1204/home/110015925,San Francisco MLS,421597586,N,Y,37.7895497,-122.4233697
MLS Listing,,Condo/Co-op,5160 Diamond Heights Blvd Unit 305C,San Francisco,CA,94131,925000,2,2.0,San Francisco,1175,7219,1972,6,787,697,Active,,,http://www.redfin.com/CA/San-Francisco/5160-Diamond-Heights-Blvd-94131/unit-305C/home/1776606,San Francisco MLS,421574269,N,Y,37.7459263,-122.4404868
MLS Listing,,Condo/Co-op,1970 Sutter St #101,San Francisco,CA,94115,995000,1,1.5,San Francisco,1007,11968,2001,6,988,616,Active,,,http://www.redfin.com/CA/San-Francisco/1970-Sutter-St-94115/unit-101/home/1822712,San Francisco MLS,421585798,N,Y,37.7864159,-122.4326567
MLS Listing,,Single Family Residential,43 Norwich St,San Francisco,CA,94110,1149000,2,1.0,San Francisco,1050,1873,1950,6,1094,,Active,October-2-2021 02:00 PM,October-2-2021 04:00 PM,http://www.redfin.com/CA/San-Francisco/43-Norwich-St-94110/home/1248089,San Francisco MLS,421582307,N,Y,37.7450939,-122.4112539
MLS Listing,,Condo/Co-op,301 Main St Unit 18A,San Francisco,CA,94105,1499000,2,2.0,San Francisco,1163,76210,2008,6,1289,991,Active,,,http://www.redfin.com/CA/San-Francisco/301-Main-St-94105/unit-18A/home/21966776,San Francisco MLS,421597552,N,Y,37.7895974,-122.3911965
MLS Listing,,Single Family Residential,1471 45th Ave,San Francisco,CA,94122,1950000,3,3.5,San Francisco,1775,3000,1927,6,1099,,Active,,,http://www.redfin.com/CA/San-Francisco/1471-45th-Ave-94122/home/1155509,San Francisco MLS,421585280,N,Y,37.7591614,-122.505057
MLS Listing,,Condo/Co-op,515 Masonic Ave #1,San Francisco,CA,94117,799000,1,1.0,San Francisco,707,3479,1923,6,1130,325,Active,October-2-2021 12:00 PM,October-2-2021 02:00 PM,http://www.redfin.com/CA/San-Francisco/515-Masonic-Ave-94117/unit-1/home/28890187,San Francisco MLS,421584346,N,Y,37.776438,-122.4468786
MLS Listing,,Single Family Residential,635 Ulloa St,San Francisco,CA,94127,2298000,4,3.0,San Francisco,3126,3706,1932,6,735,,Active,,,http://www.redfin.com/CA/San-Francisco/635-Ulloa-St-94127/home/1526090,San Francisco MLS,421595249,N,Y,37.7406557,-122.4617841
MLS Listing,,Condo/Co-op,292 Grand View Ave #2,San Francisco,CA,94114,1495000,3,2.0,Noe Valley,2178,1771,2001,6,686,,Active,,,http://www.redfin.com/CA/San-Francisco/292-Grand-View-Ave-94114/unit-2/home/1600147,"bridgeMLS, Bay East AOR, or Contra Costa AOR",40968200,N,Y,37.7535748,-122.4419842
MLS Listing,,Condo/Co-op,1 South Park St #402,San Francisco,CA,94107,1995000,2,2.5,San Francisco,1389,16754,2007,6,1436,757,Active,,,http://www.redfin.com/CA/San-Francisco/1-S-Park-St-94107/unit-402/home/23424341,San Francisco MLS,421596997,N,Y,37.7821568,-122.3928782
MLS Listing,,Single Family Residential,1826 23rd Ave,San Francisco,CA,94122,899000,2,1.0,San Francisco,1171,2996,1931,6,768,,Active,,,http://www.redfin.com/CA/San-Francisco/1826-23rd-Ave-94122/home/1129450,San Francisco MLS,421590446,N,Y,37.7535196,-122.4804462
MLS Listing,,Single Family Residential,23 Madrid St,San Francisco,CA,94112,1495000,5,3.5,San Francisco,2303,2495,1915,6,649,,Active,October-2-2021 02:00 PM,October-2-2021 04:30 PM,http://www.redfin.com/CA/San-Francisco/23-Madrid-St-94112/home/1149954,San Francisco MLS,421596468,N,Y,37.728261,-122.4275366
MLS Listing,,Condo/Co-op,333 Beale St Unit 6B,San Francisco,CA,94105,1675000,2,2.0,San Francisco,1198,75406,2015,6,1398,1200,Active,,,http://www.redfin.com/CA/San-Francisco/333-Beale-St-94105/unit-6B/home/109315217,San Francisco MLS,421587943,N,Y,37.7884937,-122.3918797
MLS Listing,,Condo/Co-op,1388 Gough St #1003,San Francisco,CA,94109,1295000,2,2.0,San Francisco,1229,,1993,6,1054,1362,Active,October-2-2021 11:00 AM,October-2-2021 01:00 PM,http://www.redfin.com/CA/San-Francisco/1388-Gough-St-94109/unit-1003/home/574266,San Francisco MLS,421585115,N,Y,37.7858224,-122.4244381
MLS Listing,,Condo/Co-op,2124 Hyde St #3,San Francisco,CA,94109,885000,2,1.0,San Francisco,855,2365,1913,6,1035,450,Active,,,http://www.redfin.com/CA/San-Francisco/2124-Hyde-St-94109/unit-3/home/12383700,San Francisco MLS,421596745,N,Y,37.8005655,-122.4191408
MLS Listing,,Single Family Residential,1761 Leavenworth St,San Francisco,CA,94109,1800000,3,1.5,San Francisco,1790,1724,1926,6,1006,,Active,,,http://www.redfin.com/CA/San-Francisco/1761-Leavenworth-St-94109/home/1816965,San Francisco MLS,421591228,N,Y,37.7973314,-122.417194
MLS Listing,,Single Family Residential,1636 48th Ave,San Francisco,CA,94122,2185000,4,4.5,San Francisco,2686,3000,1924,6,813,,Active,September-29-2021 05:00 PM,September-29-2021 06:00 PM,http://www.redfin.com/CA/San-Francisco/1636-48th-Ave-94122/home/1943403,San Francisco MLS,421594250,N,Y,37.75588,-122.5075648
MLS Listing,,Condo/Co-op,350 Alabama St #5,San Francisco,CA,94110,1195000,1,1.5,San Francisco,1298,15033,2003,6,921,754,Active,,,http://www.redfin.com/CA/San-Francisco/350-Alabama-St-94110/unit-5/home/22885847,San Francisco MLS,421591227,N,Y,37.7647622,-122.4125694
MLS Listing,,Single Family Residential,74 Lundys Ln,San Francisco,CA,94110,1995000,3,2.0,San Francisco,,1746,1908,6,,,Active,October-1-2021 04:30 PM,October-1-2021 06:00 PM,http://www.redfin.com/CA/San-Francisco/74-Lundys-Ln-94110/home/1044993,San Francisco MLS,421595968,N,Y,37.744302,-122.4187979
MLS Listing,,Multi-Family (2-4 Unit),217 15th Ave,San Francisco,CA,94118,1698000,4,4.0,San Francisco,2922,3000,1959,7,581,,Active,,,http://www.redfin.com/CA/San-Francisco/217-15th-Ave-94118/home/1000713,San Francisco MLS,421597183,N,Y,37.783952,-122.4744322
MLS Listing,,Condo/Co-op,570 Innes Ave #201,San Francisco,CA,94124,658000,2,1.0,San Francisco,764,,2016,7,861,500,Active,October-3-2021 02:00 PM,October-3-2021 04:30 PM,http://www.redfin.com/CA/San-Francisco/570-Innes-Ave-94124/unit-201/home/144064008,San Francisco MLS,421597440,N,Y,37.728508,-122.3691544
MLS Listing,,Single Family Residential,2111 18th St,San Francisco,CA,94107,1395000,3,1.5,San Francisco,1470,2950,1929,7,949,,Active,,,http://www.redfin.com/CA/San-Francisco/2111-18th-St-94107/home/12396350,San Francisco MLS,421597428,N,Y,37.7620139,-122.4037137
MLS Listing,,Single Family Residential,172 25th Ave,San Francisco,CA,94121,4995000,5,4.0,San Francisco,5725,3598,1928,7,872,,Active,,,http://www.redfin.com/CA/San-Francisco/172-25th-Ave-94121/home/1668477,San Francisco MLS,421581202,N,Y,37.7862501,-122.4854428
MLS Listing,,Condo/Co-op,940 Duncan St Unit 203D,San Francisco,CA,94131,762000,1,1.0,San Francisco,744,7296,1972,7,1024,597,Active,,,http://www.redfin.com/CA/San-Francisco/940-Duncan-St-94131/unit-203D/home/1829817,San Francisco MLS,421597357,N,Y,37.7454451,-122.4408406
MLS Listing,,Single Family Residential,59 Ledyard St,San Francisco,CA,94124,1249999,4,3.0,Silver Terrace,,2495,1914,7,,,Active,,,http://www.redfin.com/CA/San-Francisco/59-Ledyard-St-94124/home/1993689,"bridgeMLS, Bay East AOR, or Contra Costa AOR",40968127,N,Y,37.7331039,-122.4016014
MLS Listing,,Condo/Co-op,425 1st St #3705,San Francisco,CA,94105,975000,1,1.0,San Francisco,710,56024,2008,7,1373,1066,Active,,,http://www.redfin.com/CA/San-Francisco/425-1st-St-94105/unit-3705/home/17306206,San Francisco MLS,421590791,N,Y,37.7857365,-122.3921923
MLS Listing,,Single Family Residential,50 Idora Ave,San Francisco,CA,94127,1595000,4,2.0,San Francisco,1603,3100,1947,7,995,,Active,,,http://www.redfin.com/CA/San-Francisco/50-Idora-Ave-94127/home/1954740,San Francisco MLS,421595657,N,Y,37.7451446,-122.455548
MLS Listing,,Single Family Residential,926 Russia Ave,SAN FRANCISCO,CA,94112,1195000,3,2.0,SAN FRANCISCO,1492,1873,1942,7,801,,Active,,,http://www.redfin.com/CA/San-Francisco/926-Russia-Ave-94112/home/788164,MLSListings,ML81863745,N,Y,37.717793,-122.4296653
MLS Listing,,Multi-Family (5+ Unit),1625 Sacramento St,San Francisco,CA,94109,1997500,4,4.0,San Francisco,4791,3240,1909,7,417,,Active,,,http://www.redfin.com/CA/San-Francisco/1625-Sacramento-St-94109/home/1699484,San Francisco MLS,421590061,N,Y,37.791387,-122.419677
MLS Listing,,Condo/Co-op,1177 California #503,San Francisco,CA,94108,499000,0,1.0,San Francisco,411,,1968,7,1214,933,Active,,,http://www.redfin.com/CA/San-Francisco/1177-California-St-94108/unit-503/home/1578335,San Francisco MLS,421597190,N,Y,37.7909986,-122.4137649
MLS Listing,,Condo/Co-op,1688 Pine St Unit W411,SAN FRANCISCO,CA,94109,1295000,2,2.0,SAN FRANCISCO,929,35482,2016,7,1394,802,Active,October-2-2021 01:30 PM,October-2-2021 04:30 PM,http://www.redfin.com/CA/San-Francisco/1688-Pine-St-94109/unit-W411/home/106096736,MLSListings,ML81863716,N,Y,37.7895497,-122.4233697
MLS Listing,,Condo/Co-op,318 Main St Unit 2E,San Francisco,CA,94105,2780000,3,3.0,San Francisco,1973,,2015,7,1409,1361,Active,October-2-2021 02:00 PM,October-2-2021 04:00 PM,http://www.redfin.com/CA/San-Francisco/318-Main-St-94105/unit-2E/home/109278620,San Francisco MLS,421593063,N,Y,37.7889813,-122.3918869
MLS Listing,,Condo/Co-op,3420 20th St,San Francisco,CA,94110,1295000,2,1.5,San Francisco,1728,2571,1920,7,749,330,Active,,,http://www.redfin.com/CA/San-Francisco/3420-20th-St-94110/home/22043445,San Francisco MLS,421575304,N,Y,37.7589576,-122.4174385
MLS Listing,,Condo/Co-op,444 Francisco St #103,San Francisco,CA,94133,1075000,2,2.0,San Francisco,979,5095,1981,7,1098,648,Active,,,http://www.redfin.com/CA/San-Francisco/444-Francisco-St-94133/unit-103/home/1913559,San Francisco MLS,421597032,N,Y,37.8049727,-122.4126145
MLS Listing,,Multi-Family (2-4 Unit),232 - 234 4th Ave,San Francisco,CA,94118,2399000,6,4.0,San Francisco,4294,3000,1907,7,559,,Active,October-3-2021 10:30 AM,October-3-2021 12:00 PM,http://www.redfin.com/CA/San-Francisco/232-4th-Ave-94118/home/1444458,San Francisco MLS,421596623,N,Y,37.7842992,-122.4620412
MLS Listing,,Condo/Co-op,525 Gough St #405,San Francisco,CA,94102,1898000,3,2.5,San Francisco,1810,12787,2005,7,1049,590,Active,October-2-2021 02:00 PM,October-2-2021 04:00 PM,http://www.redfin.com/CA/San-Francisco/525-Gough-St-94102/unit-405/home/12330638,San Francisco MLS,421596807,N,Y,37.7783444,-122.4235372
MLS Listing,,Single Family Residential,135 Turquoise Way,SAN FRANCISCO,CA,94131,2449000,3,2.5,SAN FRANCISCO,1756,3388,1962,7,1395,,Active,,,http://www.redfin.com/CA/San-Francisco/135-Turquoise-Way-94131/home/838074,MLSListings,ML81863674,N,Y,37.7437502,-122.4433842
MLS Listing,,Single Family Residential,162 Missouri St,San Francisco,CA,94107,1688000,3,2.0,San Francisco,1708,2500,1940,7,988,,Active,October-2-2021 02:00 PM,October-2-2021 04:00 PM,http://www.redfin.com/CA/San-Francisco/162-Missouri-St-94107/home/1370392,San Francisco MLS,421596003,N,Y,37.7642889,-122.3969276
MLS Listing,,Condo/Co-op,1805 Buchanan St Unit 3B,San Francisco,CA,94115,2350000,2,2.0,San Francisco,1233,3163,2021,7,1906,948,Active,,,http://www.redfin.com/CA/San-Francisco/1805-Buchanan-St-94115/unit-3B/home/176492674,San Francisco MLS,421597084,N,Y,37.7867939,-122.4303249
MLS Listing,,Condo/Co-op,1805 Buchanan St Unit 1B,San Francisco,CA,94115,1770000,1,1.5,San Francisco,1122,3163,2021,7,1578,948,Active,,,http://www.redfin.com/CA/San-Francisco/1805-Buchanan-St-94115/unit-1B/home/176492673,San Francisco MLS,421597077,N,Y,37.7867939,-122.4303249
MLS Listing,,Townhouse,200 Friedell St,San Francisco,CA,94124,949000,3,3.0,San Francisco,1736,22137,2016,7,547,300,Active,,,http://www.redfin.com/CA/San-Francisco/200-Friedell-St-94124/home/109464715,San Francisco MLS,421596844,N,Y,37.7285686,-122.36999
MLS Listing,,Single Family Residential,76 Cityview Way,San Francisco,CA,94131,1199000,3,1.0,San Francisco,1153,2949,1956,7,1040,,Active,September-30-2021 06:30 PM,September-30-2021 07:30 PM,http://www.redfin.com/CA/San-Francisco/76-Cityview-Way-94131/home/1326042,San Francisco MLS,421591037,N,Y,37.7490189,-122.451385
MLS Listing,,Condo/Co-op,1805 Buchanan St Unit 2B,San Francisco,CA,94115,2200000,2,2.0,San Francisco,1233,3163,2021,7,1784,948,Active,,,http://www.redfin.com/CA/San-Francisco/1805-Buchanan-St-94115/unit-2B/home/176492672,San Francisco MLS,421597081,N,Y,37.7867939,-122.4303249
MLS Listing,,Condo/Co-op,1805 Buchanan St Unit 2A,San Francisco,CA,94115,2300000,2,2.0,San Francisco,1365,3163,2021,7,1685,948,Active,,,http://www.redfin.com/CA/San-Francisco/1805-Buchanan-St-94115/unit-2A/home/176492671,San Francisco MLS,421597080,N,Y,37.7867939,-122.4303249
MLS Listing,,Condo/Co-op,1805 Buchanan St Unit 1A,San Francisco,CA,94115,1900000,1,1.5,San Francisco,1176,3163,2021,7,1616,948,Active,,,http://www.redfin.com/CA/San-Francisco/1805-Buchanan-St-94115/unit-1A/home/176492670,San Francisco MLS,421592744,N,Y,37.7867939,-122.4303249
MLS Listing,,Condo/Co-op,333 Bush St #3804,San Francisco,CA,94104,1875000,2,2.0,San Francisco,1510,32088,1987,7,1242,1522,Active,,,http://www.redfin.com/CA/San-Francisco/333-Bush-St-94104/unit-3804/home/1522562,San Francisco MLS,421590517,N,Y,37.7906431,-122.4030566
MLS Listing,,Single Family Residential,1826 45th Ave,San Francisco,CA,94116,1195000,3,2.0,San Francisco,1214,2996,1945,8,984,,Active,,,http://www.redfin.com/CA/San-Francisco/1826-45th-Ave-94122/home/648016,San Francisco MLS,421597064,N,Y,37.7524556,-122.5040564
MLS Listing,,Single Family Residential,2850 Divisadero St,San Francisco,CA,94123,17000000,5,6.5,San Francisco,7390,3092,1905,8,2300,,Active,,,http://www.redfin.com/CA/San-Francisco/2850-Divisadero-St-94123/home/1358647,San Francisco MLS,421585960,N,Y,37.7960624,-122.4418293
MLS Listing,,Single Family Residential,2043 46th Ave,San Francisco,CA,94116,995000,2,2.0,San Francisco,1195,3000,1940,8,833,,Active,,,http://www.redfin.com/CA/San-Francisco/2043-46th-Ave-94116/home/1500897,San Francisco MLS,421596494,N,Y,37.7483886,-122.5053274
MLS Listing,,Multi-Family (2-4 Unit),1 - 3 Downey St,San Francisco,CA,94117,2599000,6,3.0,San Francisco,2725,1999,1904,8,954,,Active,,,http://www.redfin.com/CA/San-Francisco/1-Downey-St-94117/home/1877590,San Francisco MLS,421571699,N,Y,37.7667792,-122.4472671
MLS Listing,,Multi-Family (2-4 Unit),1039 - 1041 Green St,San Francisco,CA,94133,9500000,5,,San Francisco,5250,3872,1885,8,1810,,Active,,,http://www.redfin.com/CA/San-Francisco/1039-Green-St-94133/home/880477,San Francisco MLS,421595396,N,Y,37.7983967,-122.4162803
MLS Listing,,Single Family Residential,175 Robinhood Dr,San Francisco,CA,94127,1798000,3,3.0,San Francisco,1570,2696,1951,8,1145,,Active,,,http://www.redfin.com/CA/San-Francisco/175-Robinhood-Dr-94127/home/1612725,San Francisco MLS,421596412,N,Y,37.7367481,-122.4548845
MLS Listing,,Condo/Co-op,2425 Market St #7,SAN FRANCISCO,CA,94114,998000,2,1.0,SAN FRANCISCO,878,,1981,8,1137,623,Active,,,http://www.redfin.com/CA/San-Francisco/2425-Market-St-94114/unit-7/home/1453986,MLSListings,ML81863607,N,Y,37.7620667,-122.4356428
MLS Listing,,Multi-Family (2-4 Unit),3240 26th St,San Francisco,CA,94110,1495000,4,4.5,San Francisco,3250,3250,1904,8,460,,Active,,,http://www.redfin.com/CA/San-Francisco/3240-26th-St-94110/home/114078716,"bridgeMLS, Bay East AOR, or Contra Costa AOR",40967958,N,Y,37.7493517,-122.4147708
MLS Listing,,Single Family Residential,942 Naples St,SAN FRANCISCO,CA,94112,789000,1,1.0,SAN FRANCISCO,950,2509,1922,8,831,,Active,,,http://www.redfin.com/CA/San-Francisco/942-Naples-St-94112/home/1912428,MLSListings,ML81863593,N,Y,37.7149587,-122.4359835
MLS Listing,,Condo/Co-op,1303 Waller St,San Francisco,CA,94117,1350000,3,1.0,San Francisco,1334,,,8,1012,239,Active,,,http://www.redfin.com/CA/San-Francisco/1303-Waller-St-94117/home/55244520,San Francisco MLS,421596815,N,Y,37.7691754,-122.4452936
MLS Listing,,Single Family Residential,30 Bernice St,San Francisco,CA,94103,1795000,3,2.5,San Francisco,2062,1851,1907,8,871,,Active,,,http://www.redfin.com/CA/San-Francisco/30-Bernice-St-94103/home/700651,BAREIS,421596613,N,Y,37.7698903,-122.4141695
MLS Listing,,Multi-Family (2-4 Unit),25 - 27 Morrell St,San Francisco,CA,94109,1750000,0,,San Francisco,1888,1337,1923,8,927,,Active,,,http://www.redfin.com/CA/San-Francisco/25-Morrell-St-94109/home/545721,San Francisco MLS,421594776,N,Y,37.7956992,-122.4193034
MLS Listing,,Condo/Co-op,1501 Filbert St Unit 6B,San Francisco,CA,94123,1549000,2,2.0,San Francisco,1192,10900,2014,8,1299,679,Active,,,http://www.redfin.com/CA/San-Francisco/1501-Filbert-St-94123/unit-6B/home/110051473,San Francisco MLS,421595195,N,Y,37.7991911,-122.4245164
MLS Listing,,Condo/Co-op,564 Wisconsin St,San Francisco,CA,94107,1198000,2,2.0,San Francisco,1175,79531,1978,8,1020,936,Active,October-2-2021 02:00 PM,October-2-2021 04:00 PM,http://www.redfin.com/CA/San-Francisco/564-Wisconsin-St-94107/home/974211,San Francisco MLS,421596554,N,Y,37.760432,-122.399459
MLS Listing,,Single Family Residential,63 Encanto Ave,San Francisco,CA,94115,2190000,2,3.0,San Francisco,2180,4216,1948,8,1005,,Active,,,http://www.redfin.com/CA/San-Francisco/63-Encanto-Ave-94115/home/1181433,San Francisco MLS,421596591,N,Y,37.7807133,-122.4438707
MLS Listing,,Single Family Residential,822 Duncan St,San Francisco,CA,94131,2749000,4,3.0,San Francisco,2320,3040,,8,1185,,Active,,,http://www.redfin.com/CA/San-Francisco/822-Duncan-St-94131/home/1982410,San Francisco MLS,421592562,N,Y,37.7455824,-122.4385397
MLS Listing,,Condo/Co-op,170 King St #930,San Francisco,CA,94107,1225000,2,2.0,San Francisco,,42969,2007,8,,784,Active,,,http://www.redfin.com/CA/San-Francisco/170-King-St-94107/unit-930/home/17304729,San Francisco MLS,421582607,N,Y,37.7787673,-122.3915505
MLS Listing,,Condo/Co-op,1945 Washington St #412,San Francisco,CA,94109,749000,1,1.0,San Francisco,653,17557,1987,9,1147,577,Active,September-29-2021 05:00 PM,September-29-2021 06:00 PM,http://www.redfin.com/CA/San-Francisco/1945-Washington-St-94109/unit-412/home/891183,San Francisco MLS,421596584,N,Y,37.7925414,-122.4254555
MLS Listing,,Single Family Residential,1 Twin Peaks Blvd,San Francisco,CA,94114,1895000,3,4.0,San Francisco,3132,7148,1951,9,605,,Active,,,http://www.redfin.com/CA/San-Francisco/1-Twin-Peaks-Blvd-94114/home/674383,San Francisco MLS,421593748,N,Y,37.7604777,-122.4466132
MLS Listing,,Single Family Residential,1450 19th Ave,San Francisco,CA,94122,1299000,5,3.0,Sunset,2169,2500,2000,9,599,,Active,,,http://www.redfin.com/CA/San-Francisco/1450-19th-Ave-94122/unit-1/home/1143761,"bridgeMLS, Bay East AOR, or Contra Costa AOR",40967840,N,Y,37.760751,-122.476566
MLS Listing,,Condo/Co-op,870 Harrison St #206,San Francisco,CA,94107,699000,1,1.0,San Francisco,,,2015,9,,634,Active,,,http://www.redfin.com/CA/San-Francisco/870-Harrison-St-94107/unit-206/home/109686972,San Francisco MLS,421596563,N,Y,37.7797695,-122.401375
MLS Listing,,Condo/Co-op,279 Laidley St,San Francisco,CA,94131,1150000,2,1.0,San Francisco,1293,2272,1912,9,889,390,Active,,,http://www.redfin.com/CA/San-Francisco/279-Laidley-St-94131/home/28938913,San Francisco MLS,421595036,N,Y,37.7377751,-122.4280591
MLS Listing,,Condo/Co-op,1390 Hayes St #4,San Francisco,CA,94117,949000,1,1.0,San Francisco,807,2841,1929,9,1176,562,Active,September-30-2021 05:30 PM,September-30-2021 07:00 PM,http://www.redfin.com/CA/San-Francisco/1390-Hayes-St-94117/unit-4/home/1417592,San Francisco MLS,421596561,N,Y,37.7750336,-122.4392615
MLS Listing,,Condo/Co-op,1080 Sutter St #301,San Francisco,CA,94109,1250000,3,2.0,San Francisco,1225,7000,2014,9,1020,870,Active,October-2-2021 02:00 PM,October-2-2021 04:00 PM,http://www.redfin.com/CA/San-Francisco/1080-Sutter-St-94109/unit-301/home/69054814,San Francisco MLS,421594742,N,Y,37.788251,-122.418101
MLS Listing,,Single Family Residential,33 Rice St,Daly City,CA,94014,799950,2,1.0,Daly City,1210,2775,1927,9,661,,Active,,,http://www.redfin.com/CA/Daly-City/33-Rice-St-94014/home/556234,San Francisco MLS,421596560,N,Y,37.7079972,-122.4571844
MLS Listing,,Condo/Co-op,560 Haight St #107,San Francisco,CA,94117,1950000,2,2.5,San Francisco,2075,,1925,9,940,883,Active,October-3-2021 02:00 PM,October-3-2021 04:00 PM,http://www.redfin.com/CA/San-Francisco/560-Haight-St-94117/unit-107/home/854256,San Francisco MLS,421596532,N,Y,37.7721919,-122.4315286
MLS Listing,,Condo/Co-op,1980 Sutter St #317,San Francisco,CA,94115,1295000,2,2.0,San Francisco,1396,27617,1984,9,928,720,Active,September-29-2021 05:00 PM,September-29-2021 06:00 PM,http://www.redfin.com/CA/San-Francisco/1980-Sutter-St-94115/unit-317/home/102818121,San Francisco MLS,421593645,N,Y,37.7862668,-122.4329775
MLS Listing,,Condo/Co-op,3190 Clay St,San Francisco,CA,94115,2250000,2,2.5,San Francisco,2160,2341,1905,9,1042,,Active,,,http://www.redfin.com/CA/San-Francisco/3190-Clay-St-94115/home/1375171,San Francisco MLS,421589894,N,Y,37.7894142,-122.4455328
MLS Listing,,Single Family Residential,2500 Broadway St,San Francisco,CA,94115,17000000,6,6.0,San Francisco,7045,3746,1894,9,2413,,Active,,,http://www.redfin.com/CA/San-Francisco/2500-Broadway-94115/home/1126796,San Francisco MLS,421595472,N,Y,37.7940726,-122.4384298
MLS Listing,,Single Family Residential,157 Bayview Cir,San Francisco,CA,94114,899000,3,2.0,San Francisco,1594,2012,1985,9,564,426,Active,October-2-2021 12:00 PM,October-2-2021 02:00 PM,http://www.redfin.com/CA/San-Francisco/157-Bayview-Cir-94124/home/1149505,San Francisco MLS,421595413,N,Y,37.734093,-122.3952016
MLS Listing,,Condo/Co-op,33 Hartford St,San Francisco,CA,94114,1549000,3,2.0,San Francisco,1532,3271,1907,9,1011,248,Active,,,http://www.redfin.com/CA/San-Francisco/33-Hartford-St-94114/unit-1/home/709648,San Francisco MLS,421587693,N,Y,37.762002,-122.433678
MLS Listing,,Multi-Family (5+ Unit),1450 47th Ave,San Francisco,CA,94122,1695000,9,6.0,San Francisco,3614,2996,1909,9,469,,Active,,,http://www.redfin.com/CA/San-Francisco/1450-47th-Ave-94122/home/1516347,San Francisco MLS,421596511,N,Y,37.7594249,-122.506603
MLS Listing,,Condo/Co-op,990 Duncan St Unit 304G,San Francisco,CA,94131,995000,2,2.0,San Francisco,1175,6897,1972,9,847,695,Active,,,http://www.redfin.com/CA/San-Francisco/990-Duncan-St-94131/unit-304G/home/1850833,San Francisco MLS,421596502,N,Y,37.7453002,-122.4425216
MLS Listing,,Single Family Residential,1839 25th Ave,San Francisco,CA,94122,1249000,3,2.0,San Francisco,1924,2996,1939,9,649,,Active,,,http://www.redfin.com/CA/San-Francisco/1839-25th-Ave-94122/home/904056,San Francisco MLS,421593541,N,Y,37.7531858,-122.4830993
MLS Listing,,Single Family Residential,2919 California St,San Francisco,CA,94115,3995000,4,3.5,San Francisco,3427,2406,1900,9,1166,,Active,,,http://www.redfin.com/CA/San-Francisco/2919-California-St-94115/home/1305577,San Francisco MLS,421595620,N,Y,37.7874902,-122.442901
MLS Listing,,Condo/Co-op,858 Capp St #2,San Francisco,CA,94110,1069000,1,2.0,San Francisco,1015,,2021,9,1053,432,Active,,,http://www.redfin.com/CA/San-Francisco/858-Capp-St-94110/unit-2/home/175116001,San Francisco MLS,421596415,N,Y,37.7529271,-122.4176769
MLS Listing,,Single Family Residential,550 El Camino Del Mar,San Francisco,CA,94121,4975000,3,4.5,San Francisco,3605,3576,1958,9,1380,,Active,,,http://www.redfin.com/CA/San-Francisco/550-El-Camino-Del-Mar-94121/home/1324126,San Francisco MLS,421594786,N,Y,37.7875379,-122.4899528
MLS Listing,,Condo/Co-op,29 Oakwood St #13,San Francisco,CA,94110,349507,2,2.0,San Francisco,1136,39407,2008,9,308,584,Active,,,http://www.redfin.com/CA/San-Francisco/29-Oakwood-St-94110/unit-13/home/23424260,San Francisco MLS,421596483,N,Y,37.7609862,-122.4249233
MLS Listing,,Condo/Co-op,1855 Jones St,San Francisco,CA,94109,3895000,4,3.0,San Francisco,2835,1913,1939,9,1374,550,Active,October-3-2021 02:00 PM,October-3-2021 04:00 PM,http://www.redfin.com/CA/San-Francisco/1855-Jones-St-94109/home/11743229,San Francisco MLS,421587175,N,Y,37.7983819,-122.4157241
MLS Listing,,Condo/Co-op,244 Downey St #1,San Francisco,CA,94117,760000,1,1.0,San Francisco,616,1982,1906,9,1234,250,Active,,,http://www.redfin.com/CA/San-Francisco/244-Downey-St-94117/unit-1/home/600482,San Francisco MLS,421596356,N,Y,37.7646921,-122.4464867
MLS Listing,,Condo/Co-op,901 Powell St #6,San Francisco,CA,94108,1895000,2,2.0,San Francisco,1562,4758,1912,9,1213,,Active,October-3-2021 11:00 AM,October-3-2021 01:00 PM,http://www.redfin.com/CA/San-Francisco/901-Powell-St-94108/unit-6/home/547207,San Francisco MLS,421591796,N,Y,37.7930687,-122.4096512
MLS Listing,,Condo/Co-op,3301 Mission St #202,SAN FRANCISCO,CA,94110,1095000,3,2.0,SAN FRANCISCO,920,,1991,10,1190,420,Active,,,http://www.redfin.com/CA/San-Francisco/3301-Mission-St-94110/unit-202/home/760600,MLSListings,ML81863390,N,Y,37.7440287,-122.4204617
MLS Listing,,Condo/Co-op,1750 Taylor St #1601,San Francisco,CA,94133,11000000,3,3.5,San Francisco,3640,35706,1961,10,3022,,Active,,,http://www.redfin.com/CA/San-Francisco/1750-Taylor-St-94133/unit-1601/home/12400682,San Francisco MLS,421596443,N,Y,37.7988047,-122.4131897
MLS Listing,,Single Family Residential,320 Day St,San Francisco,CA,94131,995000,0,1.0,San Francisco,2158,2848,1900,10,461,,Active,,,http://www.redfin.com/CA/San-Francisco/320-Day-St-94131/home/1389680,San Francisco MLS,421593749,N,Y,37.7428746,-122.4294051
MLS Listing,,Townhouse,11 Bowman Ct,San Francisco,CA,94124,780000,2,2.0,San Francisco,1219,896,1992,10,640,65,Active,,,http://www.redfin.com/CA/San-Francisco/11-Bowman-Ct-94124/home/741396,San Francisco MLS,421595395,N,Y,37.7377663,-122.3821456
MLS Listing,,Single Family Residential,2523 Steiner St,San Francisco,CA,94115,4980000,3,3.5,San Francisco,2820,1036,1914,10,1766,,Active,,,http://www.redfin.com/CA/San-Francisco/2523-Steiner-St-94115/home/1538961,San Francisco MLS,421594449,N,Y,37.7927839,-122.4365718
MLS Listing,,Condo/Co-op,530 Chestnut St Unit C102,San Francisco,CA,94133,1695000,2,2.5,San Francisco,1612,44688,2001,11,1051,918,Active,,,http://www.redfin.com/CA/San-Francisco/530-Chestnut-St-94133/unit-C102/home/114071978,San Francisco MLS,421596086,N,Y,37.8043618,-122.4124476
MLS Listing,,Condo/Co-op,960 Market St #215,San Francisco,CA,94102,1205000,2,2.0,San Francisco,878,,,11,1372,865,Active,,,http://www.redfin.com/CA/San-Francisco/960-Market-St-94102/unit-215/home/176466462,San Francisco MLS,421596365,N,Y,37.7831239,-122.4095552
MLS Listing,,Condo/Co-op,261 Missouri St,San Francisco,CA,94107,1750000,3,2.5,San Francisco,1615,2527,1900,11,1084,400,Active,,,http://www.redfin.com/CA/San-Francisco/261-Missouri-St-94107/home/69371425,San Francisco MLS,421595905,N,Y,37.7630835,-122.3964844
MLS Listing,,Multi-Family (2-4 Unit),3127 Anza St,San Francisco,CA,94121,2288000,7,5.5,San Francisco,3420,2500,1989,12,669,,Active,October-2-2021 01:00 PM,October-2-2021 04:00 PM,http://www.redfin.com/CA/San-Francisco/3127-Anza-St-94121/home/615736,San Francisco MLS,421587803,N,Y,37.778039,-122.481901
MLS Listing,,Single Family Residential,530 Nevada St,San Francisco,CA,94110,1098888,2,1.0,Bernal Heights,900,1751,1942,12,1221,,Active,,,http://www.redfin.com/CA/San-Francisco/530-Nevada-St-94110/home/2019648,"bridgeMLS, Bay East AOR, or Contra Costa AOR",40967692,N,Y,37.7353554,-122.4119176
MLS Listing,,Single Family Residential,67 Chula Ln,San Francisco,CA,94114,1595000,2,1.0,San Francisco,,3149,1900,12,,,Active,,,http://www.redfin.com/CA/San-Francisco/67-Chula-Ln-94114/home/1917312,San Francisco MLS,421576504,N,Y,37.7637612,-122.4283154
MLS Listing,,Multi-Family (2-4 Unit),2401 23rd St,San Francisco,CA,94110,1695000,4,2.5,San Francisco,2250,1873,1916,12,753,,Active,,,http://www.redfin.com/CA/San-Francisco/2401-23rd-St-94110/home/735676,San Francisco MLS,421596132,N,Y,37.7543782,-122.4040035
MLS Listing,,Condo/Co-op,750 Van Ness Ave #1102,San Francisco,CA,94102,430000,0,1.0,San Francisco,391,15582,2008,12,1100,621,Active,,,http://www.redfin.com/CA/San-Francisco/750-Van-Ness-Ave-94102/unit-1102/home/17304518,San Francisco MLS,421596244,N,Y,37.7824388,-122.4203287
MLS Listing,,Multi-Family (2-4 Unit),574 - 576 8th Ave,San Francisco,CA,94118,2150000,6,2.0,San Francisco,3472,3250,1906,12,619,,Active,,,http://www.redfin.com/CA/San-Francisco/574-8th-Ave-94118/home/942508,San Francisco MLS,421596134,N,Y,37.7776388,-122.4658591
MLS Listing,,Condo/Co-op,825 La Playa St #227,San Francisco,CA,94121,725000,1,1.0,San Francisco,784,26603,1983,12,925,758,Active,,,http://www.redfin.com/CA/San-Francisco/825-La-Playa-St-94121/unit-227/home/622607,San Francisco MLS,421596210,N,Y,37.7727719,-122.5102626
MLS Listing,,Single Family Residential,22 Saturn St,San Francisco,CA,94114,2850000,3,2.0,San Francisco,2435,2495,1908,12,1170,,Active,,,http://www.redfin.com/CA/San-Francisco/22-Saturn-St-94114/home/673564,San Francisco MLS,421596215,N,Y,37.7628658,-122.4413936
MLS Listing,,Condo/Co-op,3823 Clay St,San Francisco,CA,94118,2200000,3,2.0,San Francisco,2005,,,12,1097,324,Active,,,http://www.redfin.com/CA/San-Francisco/3823-Clay-St-94118/home/970317,San Francisco MLS,421587942,N,Y,37.78773,-122.455826
MLS Listing,,Multi-Family (5+ Unit),35 Brosnan St,San Francisco,CA,94103,5500000,0,,San Francisco,9264,4125,1926,12,594,,Active,,,http://www.redfin.com/CA/San-Francisco/35-Brosnan-St-94103/home/1590633,San Francisco MLS,421596192,N,Y,37.7685744,-122.4231269
MLS Listing,,Single Family Residential,174 Cayuga Ave,San Francisco,CA,94112,999000,2,1.0,San Francisco,1175,1875,1941,12,850,,Active,,,http://www.redfin.com/CA/San-Francisco/174-Cayuga-Ave-94112/home/938411,San Francisco MLS,421596133,N,Y,37.730862,-122.4325775
MLS Listing,,Vacant Land,256 Bemis St,SAN FRANCISCO,CA,94131,799000,,,SAN FRANCISCO,,2100,,12,,,Active,,,http://www.redfin.com/CA/San-Francisco/256-Bemis-St-94131/home/110067187,MLSListings,ML81863261,N,Y,37.7363641,-122.4321052
MLS Listing,,Condo/Co-op,88 King St #422,San Francisco,CA,94107,1050000,1,1.0,San Francisco,934,82157,2000,12,1124,1135,Active,,,http://www.redfin.com/CA/San-Francisco/88-King-St-94107/unit-422/home/2038051,San Francisco MLS,421595412,N,Y,37.7807011,-122.3892619
MLS Listing,,Single Family Residential,63-65 Casa Way,SAN FRANCISCO,CA,94123,4400000,3,2.0,SAN FRANCISCO,3526,2495,1926,12,1248,,Active,,,http://www.redfin.com/CA/San-Francisco/63-Casa-Way-94123/home/2007017,MLSListings,ML81863255,N,Y,37.8054971,-122.4392632
MLS Listing,,Single Family Residential,48 Clarendon Ave,San Francisco,CA,94114,4998000,4,5.0,San Francisco,3882,2596,1988,12,1287,,Active,,,http://www.redfin.com/CA/San-Francisco/48-Clarendon-Ave-94114/home/2031535,San Francisco MLS,421596136,N,Y,37.7590322,-122.4501477
MLS Listing,,Multi-Family (5+ Unit),4725 Irving St,San Francisco,CA,94122,2600000,0,,San Francisco,6738,5000,1959,12,386,,Active,,,http://www.redfin.com/CA/San-Francisco/4725-Irving-St-94122/home/1182414,San Francisco MLS,421595970,N,Y,37.761989,-122.5086761
MLS Listing,,Single Family Residential,1610 La Salle Ave,San Francisco,CA,94124,1100000,3,2.0,San Francisco,1531,2338,1952,12,718,,Active,,,http://www.redfin.com/CA/San-Francisco/1610-La-Salle-Ave-94124/home/1598217,BAREIS,421596033,N,Y,37.7367577,-122.3888287
MLS Listing,,Single Family Residential,635 Joost Ave,San Francisco,CA,94127,1195000,2,2.5,San Francisco,1275,2500,1900,12,937,,Active,,,http://www.redfin.com/CA/San-Francisco/635-Joost-Ave-94127/home/1900563,San Francisco MLS,421596087,N,Y,37.7321224,-122.4497095
MLS Listing,,Condo/Co-op,2217 Pacific Ave #4,San Francisco,CA,94115,1695000,2,1.0,San Francisco,,,1904,12,,541,Active,October-3-2021 02:00 PM,October-3-2021 04:00 PM,http://www.redfin.com/CA/San-Francisco/2217-Pacific-Ave-94115/unit-4/home/567940,San Francisco MLS,421595952,N,Y,37.793421,-122.432139
MLS Listing,,Single Family Residential,209 Montcalm St,San Francisco,CA,94110,2497000,3,2.5,San Francisco,2385,1750,1997,12,1047,,Active,,,http://www.redfin.com/CA/San-Francisco/209-Montcalm-St-94110/home/754903,San Francisco MLS,421595781,N,Y,37.7457868,-122.4080901
MLS Listing,,Condo/Co-op,220 Lombard St #114,San Francisco,CA,94111,735000,1,1.0,San Francisco,700,,1993,12,1050,894,Active,,,http://www.redfin.com/CA/San-Francisco/220-Lombard-St-94111/unit-114/home/102813835,San Francisco MLS,421595673,N,Y,37.8042436,-122.4054002
MLS Listing,,Single Family Residential,135 Montecito Ave,San Francisco,CA,94112,1695000,3,2.0,San Francisco,2227,4556,1923,12,761,,Active,,,http://www.redfin.com/CA/San-Francisco/135-Montecito-Ave-94112/home/1710678,San Francisco MLS,421596056,N,Y,37.7300628,-122.4547076
MLS Listing,,Single Family Residential,115 San Juan Ave,San Francisco,CA,94112,1488000,3,3.5,San Francisco,2415,,1937,12,616,,Active,,,http://www.redfin.com/CA/San-Francisco/115-San-Juan-Ave-94112/home/697633,San Francisco MLS,421595868,N,Y,37.7248241,-122.4374845
MLS Listing,,Condo/Co-op,1350 California St #408,San Francisco,CA,94109,1150000,2,1.0,San Francisco,965,14172,1984,12,1192,780,Active,,,http://www.redfin.com/CA/San-Francisco/1350-California-St-94109/unit-408/home/550466,San Francisco MLS,421593642,N,Y,37.7913947,-122.4167438
MLS Listing,,Condo/Co-op,535 - 537 24th Ave #537,San Francisco,CA,94121,1300000,3,2.0,San Francisco,,3000,1983,12,,,Active,,,http://www.redfin.com/CA/San-Francisco/535-24th-Ave-94121/unit-537/home/176439163,San Francisco MLS,421595644,N,Y,37.779373,-122.483939
MLS Listing,,Condo/Co-op,535 - 537 24th Ave #535,San Francisco,CA,94121,1700000,3,2.5,San Francisco,,3000,1983,12,,,Active,,,http://www.redfin.com/CA/San-Francisco/535-24th-Ave-94121/unit-535/home/176439162,San Francisco MLS,421595600,N,Y,37.779373,-122.483939
MLS Listing,,Single Family Residential,124 Campbell Ave,San Francisco,CA,94134,998888,2,1.0,San Francisco,1265,2495,1955,12,790,,Active,,,http://www.redfin.com/CA/San-Francisco/124-Campbell-Ave-94134/home/1294210,San Francisco MLS,421595013,N,Y,37.7151106,-122.4010874
MLS Listing,,Multi-Family (2-4 Unit),535 - 537 24th Ave,San Francisco,CA,94121,3000000,6,4.5,San Francisco,4407,3000,1983,12,681,,Active,,,http://www.redfin.com/CA/San-Francisco/535-24th-Ave-94121/home/612114,San Francisco MLS,421595653,N,Y,37.779373,-122.483939
MLS Listing,,Condo/Co-op,1282 Sacramento St,San Francisco,CA,94108,1495000,2,2.0,San Francisco,1260,,1909,12,1187,400,Active,September-29-2021 05:30 PM,September-29-2021 06:30 PM,http://www.redfin.com/CA/San-Francisco/1282-Sacramento-St-94108/home/849641,San Francisco MLS,421569119,N,Y,37.7925423,-122.4139813
MLS Listing,,Condo/Co-op,1645 Pacific Ave Unit 4D,San Francisco,CA,94109,2099000,2,2.0,San Francisco,1402,,2014,12,1497,859,Active,,,http://www.redfin.com/CA/San-Francisco/1645-Pacific-Ave-94109/unit-4D/home/69371512,San Francisco MLS,421596004,N,Y,37.7947619,-122.4223828
MLS Listing,,Single Family Residential,239 Molimo Dr,San Francisco,CA,94127,1288000,3,2.0,San Francisco,1461,2526,1952,12,882,,Active,,,http://www.redfin.com/CA/San-Francisco/239-Molimo-Dr-94127/home/934879,San Francisco MLS,421595863,N,Y,37.7366261,-122.450244
MLS Listing,,Condo/Co-op,601 Van Ness Ave #812,San Francisco,CA,94102,648000,1,1.0,San Francisco,708,105806,1982,12,915,940,Active,October-3-2021 02:00 PM,October-3-2021 04:00 PM,http://www.redfin.com/CA/San-Francisco/601-Van-Ness-Ave-94102/unit-812/home/1877261,San Francisco MLS,421593531,N,Y,37.7811165,-122.4213309
MLS Listing,,Condo/Co-op,650 Delancey St #304,San Francisco,CA,94107,1375000,1,2.0,San Francisco,1397,61922,1996,12,984,661,Active,,,http://www.redfin.com/CA/San-Francisco/650-Delancey-St-94107/unit-304/home/12396078,San Francisco MLS,421595818,N,Y,37.7828055,-122.3896538
MLS Listing,,Condo/Co-op,601 Van Ness Ave #543,San Francisco,CA,94102,599000,1,1.0,San Francisco,709,105806,1982,12,845,940,Active,September-30-2021 05:30 PM,September-30-2021 07:00 PM,http://www.redfin.com/CA/San-Francisco/601-Van-Ness-Ave-94102/unit-543/home/1340580,San Francisco MLS,421595956,N,Y,37.7811165,-122.4213309
MLS Listing,,Condo/Co-op,182 12th Ave,San Francisco,CA,94118,1749000,3,2.0,San Francisco,1830,2063,1923,12,956,250,Active,,,http://www.redfin.com/CA/San-Francisco/182-12th-Ave-94118/home/1452407,San Francisco MLS,421595836,N,Y,37.78488,-122.470743
MLS Listing,,Condo/Co-op,2875 25th St #4,San Francisco,CA,94110,849000,1,1.0,San Francisco,850,2250,1937,12,999,300,Active,,,http://www.redfin.com/CA/San-Francisco/2875-25th-St-94110/unit-4/home/40629119,San Francisco MLS,421595163,N,Y,37.7510661,-122.407725
MLS Listing,,Condo/Co-op,739 - 741 Clayton St #741,San Francisco,CA,94117,1550000,2,1.0,San Francisco,,3123,1904,12,,250,Active,,,http://www.redfin.com/CA/San-Francisco/739-Clayton-St-94117/unit-741/home/902784,San Francisco MLS,421595917,N,Y,37.7680678,-122.4485642
MLS Listing,,Condo/Co-op,55 Capra Way,San Francisco,CA,94123,2695000,3,2.0,San Francisco,2220,2500,1927,12,1214,300,Active,October-2-2021 02:00 PM,October-2-2021 04:00 PM,http://www.redfin.com/CA/San-Francisco/55-Capra-Way-94123/home/881030,San Francisco MLS,421592727,N,Y,37.802593,-122.439436
MLS Listing,,Condo/Co-op,650 Carolina St,San Francisco,CA,94107,1795000,3,2.0,San Francisco,2126,2467,2002,12,844,360,Active,,,http://www.redfin.com/CA/San-Francisco/650-Carolina-St-94107/home/1179010,San Francisco MLS,421595446,N,Y,37.760377,-122.400509
MLS Listing,,Single Family Residential,8 Juri St,San Francisco,CA,94110,2295000,3,2.5,San Francisco,2050,1855,1898,12,1120,,Active,October-2-2021 11:30 AM,October-2-2021 01:30 PM,http://www.redfin.com/CA/San-Francisco/8-Juri-St-94110/home/1196523,San Francisco MLS,421595298,N,Y,37.7500246,-122.4220167
MLS Listing,,Condo/Co-op,2444 Van Ness Ave #5,San Francisco,CA,94109,2150000,3,3.0,San Francisco,1579,4375,1926,12,1362,832,Active,,,http://www.redfin.com/CA/San-Francisco/2444-Van-Ness-Ave-94109/unit-5/home/2020810,San Francisco MLS,421591906,N,Y,37.7982325,-122.4237091
MLS Listing,,Condo/Co-op,2444 Van Ness Ave #4,San Francisco,CA,94109,1895000,3,3.0,San Francisco,1548,4375,1926,12,1224,832,Active,,,http://www.redfin.com/CA/San-Francisco/2444-Van-Ness-Ave-94109/unit-4/home/1952946,San Francisco MLS,421595525,N,Y,37.7982325,-122.4237091
MLS Listing,,Condo/Co-op,2779 Folsom St #1,San Francisco,CA,94110,2395000,3,3.5,San Francisco,2241,8260,,12,1069,704,Active,,,http://www.redfin.com/CA/San-Francisco/2779-Folsom-St-94110/unit-1/home/176436884,San Francisco MLS,421595634,N,Y,37.752965,-122.413713
MLS Listing,,Condo/Co-op,435 China Basin St #335,San Francisco,CA,94158,1439000,2,2.0,San Francisco,1176,122891,2012,12,1224,863,Active,,,http://www.redfin.com/CA/San-Francisco/435-China-Basin-St-94158/unit-335/home/40629302,San Francisco MLS,421590901,N,Y,37.7718864,-122.3885728
MLS Listing,,Single Family Residential,248 Juanita Way,San Francisco,CA,94127,1848000,4,3.0,San Francisco,2240,2962,1931,12,825,,Active,,,http://www.redfin.com/CA/San-Francisco/248-Juanita-Way-94127/home/1549324,San Francisco MLS,421560851,N,Y,37.7406389,-122.4570316
MLS Listing,,Single Family Residential,1027 De Haro St,San Francisco,CA,94107,1598000,3,2.0,San Francisco,2370,2500,1907,12,674,,Active,,,http://www.redfin.com/CA/San-Francisco/1027-De-Haro-St-94107/home/2001041,San Francisco MLS,421595885,N,Y,37.7567421,-122.4006448
MLS Listing,,Condo/Co-op,250 King St #538,San Francisco,CA,94107,729900,1,1.0,Soma,650,,2004,12,1123,800,Active,,,http://www.redfin.com/CA/San-Francisco/250-King-St-94107/unit-538/home/22889147,"bridgeMLS, Bay East AOR, or Contra Costa AOR",40967536,N,Y,37.7781222,-122.3932903
MLS Listing,,Single Family Residential,139 24th Ave,San Francisco,CA,94121,9500000,5,4.5,San Francisco,6210,9000,1909,12,1530,,Active,,,http://www.redfin.com/CA/San-Francisco/139A-24th-Ave-94121/unit-A/home/1460828,San Francisco MLS,421593707,N,Y,37.7869211,-122.4845373
MLS Listing,,Single Family Residential,329 Surrey St,San Francisco,CA,94131,1350000,3,2.0,San Francisco,1136,2391,1927,12,1188,,Active,,,http://www.redfin.com/CA/San-Francisco/329-Surrey-St-94131/home/1168398,San Francisco MLS,421595898,N,Y,37.7357616,-122.4374894
MLS Listing,,Condo/Co-op,74 New Montgomery St #609,San Francisco,CA,94105,749000,1,1.0,San Francisco,,17865,1914,12,,863,Active,,,http://www.redfin.com/CA/San-Francisco/74-New-Montgomery-St-94105/unit-609/home/17305033,San Francisco MLS,421595888,N,Y,37.7874649,-122.4012865
MLS Listing,,Condo/Co-op,159 Jasper St,San Francisco,CA,94133,799000,2,1.0,San Francisco,,1873,1910,12,,470,Active,,,http://www.redfin.com/CA/San-Francisco/159-Jasper-Pl-94133/home/39541929,San Francisco MLS,421594632,N,Y,37.8012524,-122.4086382
MLS Listing,,Single Family Residential,143 Detroit St,San Francisco,CA,94131,1349000,3,2.0,San Francisco,1400,1873,1925,12,964,,Active,,,http://www.redfin.com/CA/San-Francisco/143-Detroit-St-94112/home/697726,San Francisco MLS,421592257,N,Y,37.728905,-122.4445232
